SortNo,Music_Title,Nickname,Artist,BPM,Noes,Side,Pack,Version,FTR_Level,FTR_Const,ETR_Level,ETR_Const,BYD_Level,BYD_Const,Image
1,Sayonara Hatsukoi,さよならはつこい,REDSHiFT,178.0,666,Hikari,Arcaea,1.0,7.0,7.0,,,,,https://cdn.wikiwiki.jp/to/w/arcaea/Sayonara Hatsukoi/::ref/Sayonara Hatsukoi.jpg.webp
2,Fairytale,ふぇありーている,chitose,189.0,782,Hikari,Arcaea,1.0,7.0,7.0,,,,,https://cdn.wikiwiki.jp/to/w/arcaea/Fairytale/::ref/Fairytale 3.jpg.webp
3,Vexaria,ヴェクセリア,ak+q,180.0,734,Hikari,Arcaea,1.0,7.0,7.0,,,,,https://cdn.wikiwiki.jp/to/w/arcaea/Vexaria/::ref/Vexaria.jpg.webp
4,Rise,らいず,Combatplayer,140.0,788,Hikari,Arcaea,1.0,7.7,7.7,,,,,https://cdn.wikiwiki.jp/to/w/arcaea/Rise/::ref/Rise.jpg.webp
5,Lucifer,るしふぁー,chitose,165.0,861,Tairitsu,Arcaea,1.0,8.0,8.2,,,,,https://cdn.wikiwiki.jp/to/w/arcaea/Lucifer/::ref/Lucifer.jpg.webp
6,Snow White,すのーほわいと,Puru,150.0,978,Hikari,Arcaea,1.0,8.0,8.4,,,,,https://cdn.wikiwiki.jp/to/w/arcaea/Snow White/::ref/Snow White.jpg.webp
7,Shades of Light in a Transcendent Realm,さですおぶらいといんとらんせんでんとれるむ,ak+q,170.0,1067,Hikari,Arcaea,1.0,8.0,8.3,,,,,https://cdn.wikiwiki.jp/to/w/arcaea/Shades%20of%20Light%20in%20a%20Transcendent%20Realm/::ref/Shades%20of%20Light%20in%20a%20Transcendent%20Realm-fixed.jpg.webp
8,Babaroque,ばばろっく,cYsmix,136.0,808,Hikari,Arcaea,1.0,8.0,8.5,,,,,https://cdn.wikiwiki.jp/to/w/arcaea/Babaroque/::ref/Babaroque.jpg
9,Lost Civilization,ろすとしびらいぜーしょん,Laur vs CK,210.0,986,Tairitsu,Arcaea,1.0,9.0,9.2,,,,,https://cdn.wikiwiki.jp/to/w/arcaea/Lost Civilization/::ref/Lost Civilization.jpg.webp
10,GOODTEK(Arcaea Edit),グッテク,EBIMAYO,190.0,968,Hikari,Arcaea,1.0,9.0,9.3,,,,,https://cdn.wikiwiki.jp/to/w/arcaea/GOODTEK (Arcaea Edit)/::ref/GOODTEK (Arcaea Edit).jpg.webp
11,qualia -ideaesthesia-,クアリア,nitro,144.0,1022,Tairitsu,Arcaea,1.0,9.0,9.1,,,,,https://cdn.wikiwiki.jp/to/w/arcaea/qualia -ideaesthesia-/::ref/qualia -ideaesthesia-.jpg
12,cry of viyella,くらいおぶびえら,Laur,180.0,791,Tairitsu,Eternal Core,1.0,8.7,8.7,,,,,https://cdn.wikiwiki.jp/to/w/arcaea/cry%20of%20viyella/::ref/cry%20of%20viyella%202.jpg.webp
13,I've heard it said,あいぶはーどいっとせいど,Combatplayer,165.0,864,Hikari,Eternal Core,1.0,8.0,8.1,,,,,https://cdn.wikiwiki.jp/to/w/arcaea/I've heard it said/::ref/I've heard it said.jpg.webp
14,memoryfactory.lzh,メモファク,Frums,100.0,672,Hikari,Eternal Core,1.0,8.7,8.9,,,,,https://cdn.wikiwiki.jp/to/w/arcaea/memoryfactory.lzh/::ref/memoryfactory.lzh.jpg
15,Relentless,りれんとれす,Akira Complex,174.0,1015,Tairitsu,Eternal Core,1.0,8.0,8.0,,,,,https://cdn.wikiwiki.jp/to/w/arcaea/Relentless/::ref/Relentless_2.jpg.webp
16,Lumia,るみあ,sky_delta,180.0,961,Hikari,Eternal Core,1.0,8.0,8.4,,,,,https://cdn.wikiwiki.jp/to/w/arcaea/Lumia/::ref/Lumia.jpg.webp
17,Essence of Twilight,えっせんすおぶとわいらいと,ak+q,164.0,1204,Tairitsu,Eternal Core,1.0,9.0,9.1,,,,,https://cdn.wikiwiki.jp/to/w/arcaea/Essence of Twilight/::ref/Essence of Twilight.jpg.webp
18,PRAGMATISM,プラグマ,Laur,174.0,942,Hikari,Eternal Core,1.0,10.0,10.1,,,,,https://cdn.wikiwiki.jp/to/w/arcaea/PRAGMATISM/::ref/PRAGMATISM-R.jpg.webp
19,Sheriruth,シェリダー,Team Grimoire,185.0,1151,Tairitsu,Eternal Core,1.0,10.0,10.1,,,,,https://cdn.wikiwiki.jp/to/w/arcaea/Sheriruth/::ref/Sheriruth.jpg.webp
20,Dement ~after legend~,でぃめんと,Cosmograph,210.0,970,Tairitsu,Arcaea,1.0,7.7,7.7,,,,,https://cdn.wikiwiki.jp/to/w/arcaea/Dement ~after legend~/::ref/Dement ~after legend~.jpg.webp
21,Dandelion,だんでらいおん,Farhan,169.0,921,Hikari,Arcaea,1.0,8.0,8.5,,,,,https://cdn.wikiwiki.jp/to/w/arcaea/Dandelion/::ref/Dandelion.jpg
22,Infinity Heaven,いんふぃにてぃへぶん,Hyun,160.0,853,Hikari,Arcaea,1.0,7.7,7.7,,,,,https://cdn.wikiwiki.jp/to/w/arcaea/Infinity Heaven/::ref/Infinity Heaven.jpg.webp
23,Anökumene,あねくめね,Jun Kuroda,186.0,851,Tairitsu,Arcaea,1.0,9.0,9.2,,,,,https://cdn.wikiwiki.jp/to/w/arcaea/Anokumene/::ref/Anokumene.jpg.webp
24,Brand new world,ぶらんどにゅーわーるど,U-ske,160.0,787,Hikari,Arcaea,1.0,7.7,7.7,,,,,https://cdn.wikiwiki.jp/to/w/arcaea/Brand new world/::ref/Brand new world.jpg.webp
25,Paradise,ぱらだいす,Sound Souler,125.0,729,Hikari,Crimson Solace,1.0,7.7,7.7,,,,,https://cdn.wikiwiki.jp/to/w/arcaea/Paradise/::ref/Paradise.jpg.webp
26,Flashback,ふらっしゅばっく,ARForest,195.0,856,Hikari,Crimson Solace,1.0,8.7,8.8,,,,,https://cdn.wikiwiki.jp/to/w/arcaea/Flashback/::ref/Flashback.jpg.webp
27,フライブルクとエンドロウル,フライブルク,アリスシャッハと魔法の楽団,180.0,930,Hikari,Crimson Solace,1.0,9.0,9.0,,,,,https://cdn.wikiwiki.jp/to/w/arcaea/%E3%83%95%E3%83%A9%E3%82%A4%E3%83%96%E3%83%AB%E3%82%AF%E3%81%A8%E3%82%A8%E3%83%B3%E3%83%89%E3%83%AD%E3%82%A6%E3%83%AB/::ref/Flyburg%20and%20Endroll.jpg.webp
28,Party Vinyl,パーティヴァイナル,モリモリあつし,132.0,800,Hikari,Crimson Solace,1.0,9.0,9.4,,,,,https://cdn.wikiwiki.jp/to/w/arcaea/Party Vinyl/::ref/Party Vinyl.jpg.webp
29,Nirv lucE,ルーチェ,しーけー,260.0,980,Hikari,Crimson Solace,1.0,10.0,10.3,,,,,https://cdn.wikiwiki.jp/to/w/arcaea/Nirv lucE/::ref/Nirv lucE.jpg.webp
30,Chronostasis,くろのすたしす,黒皇帝,196.0,916,Tairitsu,Arcaea,1.01,8.7,8.9,,,,,https://cdn.wikiwiki.jp/to/w/arcaea/Chronostasis/::ref/Chronostasis.jpg.webp
31,神奈川電脳暗渠,神奈川,南ゆに,180.0,1111,Hikari,Arcaea,1.01,9.0,9.0,,,,,https://cdn.wikiwiki.jp/to/w/arcaea/%E7%A5%9E%E5%A5%88%E5%B7%9D%E9%9B%BB%E8%84%B3%E6%9A%97%E6%B8%A0/::ref/Kanagawa%20Cyber%20Culvert.jpg.webp
32,DataErr0r,デタエラ,Cosmograph,180.0,955,Tairitsu,Memory Archive,1.01,9.0,9.5,,,,,https://cdn.wikiwiki.jp/to/w/arcaea/DataErr0r/::ref/DataErr0r.jpg.webp
33,CROSS♰SOUL‪,くろすそうる,Hyun feat. Syepias,200.0,1081,Tairitsu,Memory Archive,1.01,9.0,9.4,,,,,https://cdn.wikiwiki.jp/to/w/arcaea/CROSS†SOUL/::ref/CROSS†SOUL.jpg.webp
34,Your voice so... feat. Such,ゆあぼいすそー,PSYQUI,176.0,1013,Hikari,Memory Archive,1.01,9.0,9.4,,,,,https://cdn.wikiwiki.jp/to/w/arcaea/Your voice so... feat. Such/::ref/Your voice so... feat. Such.jpg.webp
35,クロートーと星の観測者,クロートー,しーけー,230.0,1021,Hikari,Arcaea,1.01,7.7,7.7,,,,,https://cdn.wikiwiki.jp/to/w/arcaea/%E3%82%AF%E3%83%AD%E3%83%BC%E3%83%88%E3%83%BC%E3%81%A8%E6%98%9F%E3%81%AE%E8%A6%B3%E6%B8%AC%E8%80%85/::ref/Clotho%20and%20the%20stargazer.jpg.webp
36,Moonlight of Sand Castle,すなしろ,旅人E,160.0,645,Hikari,Dynamix,1.01,7.7,7.7,,,,,https://cdn.wikiwiki.jp/to/w/arcaea/Moonlight of Sand Castle/::ref/Moonlight of Sand Castle.jpg.webp
37,REconstruction,りこんすとらくしょん,Ryazan,180.0,825,Hikari,Dynamix,1.01,8.0,8.4,,,,,https://cdn.wikiwiki.jp/to/w/arcaea/REconstruction/::ref/REconstruction.jpg.webp
38,Evoltex (poppi'n mix),エボルテ,Arch vs n3pu,205.0,775,Hikari,Dynamix,1.01,8.7,8.9,,,,,https://cdn.wikiwiki.jp/to/w/arcaea/Evoltex (poppi'n mix)/::ref/Evoltex (poppi'n mix).jpg.webp
39,Oracle,オラクル,TQ☆,152.0,963,Tairitsu,Dynamix,1.01,9.0,9.3,,,,,https://cdn.wikiwiki.jp/to/w/arcaea/Oracle/::ref/Oracle.jpg.webp
40,α‪terlβus,アーテルバス,Aoi,202.0,1030,Tairitsu,Dynamix,1.01,10.0,10.2,,,,,https://cdn.wikiwiki.jp/to/w/arcaea/αterlβus/::ref/αterlβus.jpg.webp
41,Ignotus,いぐのたす,ak+q,170.0,1225,Tairitsu,Arcaea,1.01,9.0,9.3,,,,,https://cdn.wikiwiki.jp/to/w/arcaea/Ignotus/::ref/Ignotus.jpg.webp
42,不浄な白い鳥,ふじょうなしろいとり,MIssionary,184.0,805,Hikari,Memory Archive,1.01,9.0,9.4,,,,,https://cdn.wikiwiki.jp/to/w/arcaea/%E4%B8%8D%E6%B5%84%E3%81%AA%E7%99%BD%E3%81%84%E9%B3%A5/::ref/Impure%20Bird.jpg.webp
43,ハルトピア ~Utopia of Spring~,はるとぴあ,A-zu-ra,185.0,1061,Hikari,Arcaea,1.01,8.0,8.5,,,,,https://cdn.wikiwiki.jp/to/w/arcaea/%E3%83%8F%E3%83%AB%E3%83%88%E3%83%94%E3%82%A2%20~Utopia%20of%20Spring~/::ref/Harutopia%20~Utopia%20of%20Spring~.jpg
44,Blossoms,ぶろっさむず,T2Kazuya,138.0,655,Hikari,Ambivalent Vision,1.01,7.0,7.0,,,,,https://cdn.wikiwiki.jp/to/w/arcaea/Blossoms/::ref/Blossoms.jpg.webp
45,vsキミ戦争,キミ戦争,U-ske (feat. lueur),187.0,641,Hikari,Ambivalent Vision,1.01,7.7,7.7,,,,,https://cdn.wikiwiki.jp/to/w/arcaea/vs%E3%82%AD%E3%83%9F%E6%88%A6%E4%BA%89/::ref/Romance%20Wars.jpg.webp
46,Moonheart,ムーンハート,翡乃イスカ,180.0,947,Hikari,Ambivalent Vision,1.01,8.0,8.4,,,,,https://cdn.wikiwiki.jp/to/w/arcaea/Moonheart/::ref/Moonheart.jpg.webp
47,Genesis,じぇねしす,Iris,132.0,713,Tairitsu,Ambivalent Vision,1.01,8.0,8.2,,,,,https://cdn.wikiwiki.jp/to/w/arcaea/Genesis/::ref/Genesis.jpg.webp
48,Lethaeus,レーテウス,Silentroom,155.0,900,Tairitsu,Ambivalent Vision,1.01,9.7,9.7,,,,,https://cdn.wikiwiki.jp/to/w/arcaea/Lethaeus/::ref/Lethaeus.jpg.webp
49,Auxesia,あうくせしあ,ginkiha,183.0,1000,Hikari,Memory Archive,1.01,9.0,9.3,,,,,https://cdn.wikiwiki.jp/to/w/arcaea/Auxesia/::ref/Auxesia.jpg.webp
50,Rabbit In The Black Room,らびっといんざぶらっくるーむ,Rabbit House,270.0,772,Tairitsu,Arcaea,1.01,8.0,8.4,,,,,https://cdn.wikiwiki.jp/to/w/arcaea/Rabbit In The Black Room/::ref/Rabbit In The Black Room.jpg.webp
51,Modelista,モデリスタ,HiTECH NINJA,165.0,1010,Hikari,Memory Archive,1.01,10.0,10.0,,,,,https://cdn.wikiwiki.jp/to/w/arcaea/Modelista/::ref/Modelista.jpg.webp
52,One Last Drive,わんらすとどらいぶ,REDSHiFT,175.0,885,Hikari,Arcaea,1.05,8.0,8.2,,,,,https://cdn.wikiwiki.jp/to/w/arcaea/One Last Drive/::ref/One Last Drive.jpg.webp
53,Dreamin' Attraction!!,どりーみん,翡乃イスカ,205.0,1129,Hikari,Arcaea,1.05,9.0,9.4,,,,,https://cdn.wikiwiki.jp/to/w/arcaea/Dreamin' Attraction!!/::ref/Dreamin' Attraction!!.jpg.webp
54,Red and Blue,レッドブル,Silentroom,150.0,845,Tairitsu,Arcaea,1.05,9.0,9.4,,,,,https://cdn.wikiwiki.jp/to/w/arcaea/Red and Blue/::ref/Red and Blue.jpg.webp
55,Iconoclast,いこのくらすと,Yamajet,140.0,795,Tairitsu,Vicious Labyrinth,1.05,9.0,9.1,,,,,https://cdn.wikiwiki.jp/to/w/arcaea/Iconoclast/::ref/Iconoclast.jpg.webp
56,SOUNDWiTCH,音魔女,HATE,170.0,785,Tairitsu,Vicious Labyrinth,1.05,9.7,9.9,,,,,https://cdn.wikiwiki.jp/to/w/arcaea/SOUNDWiTCH/::ref/SOUNDWiTCH.jpg.webp
57,妖艶魔女 -trappola bewitching-,妖艶,gmtn.,190.0,1044,Tairitsu,Vicious Labyrinth,1.05,10.0,10.0,,,,,https://cdn.wikiwiki.jp/to/w/arcaea/%E5%A6%96%E8%89%B6%E9%AD%94%E5%A5%B3%20-trappola%20bewitching-/::ref/trappola%20bewitching.jpg.webp
58,conflict,コンフリ,siromaru + cranky,160.0,1056,Tairitsu,Vicious Labyrinth,1.05,10.0,10.2,,,,,https://cdn.wikiwiki.jp/to/w/arcaea/conflict/::ref/conflict.jpg.webp
59,Axium Crisis,あくしうむ,ak+q,170.0,1094,Tairitsu,Vicious Labyrinth,1.05,10.7,10.7,,,,,https://cdn.wikiwiki.jp/to/w/arcaea/Axium Crisis/::ref/Axium Crisis.jpg.webp
60,Grievous Lady,グリバ,Team Grimoire vs Laur,210.0,1450,Tairitsu,Vicious Labyrinth,1.05,11.0,11.3,,,,,https://cdn.wikiwiki.jp/to/w/arcaea/Grievous Lady/::ref/Grievous Lady.jpg.webp
61,Surrender,されんだー,void,152.0,925,Hikari,Memory Archive,1.05,8.7,8.8,,,,,https://cdn.wikiwiki.jp/to/w/arcaea/Surrender/::ref/Surrender.jpg.webp
62,夜桜吹雪,よざくらふぶき,A.SAKA,172.0,931,Hikari,Memory Archive,1.05,9.0,9.4,,,,,https://cdn.wikiwiki.jp/to/w/arcaea/%E5%A4%9C%E6%A1%9C%E5%90%B9%E9%9B%AA/::ref/Yosakura%20Fubuki.jpg.webp
63,Reinvent,れいんべんと,Sound Souler,174.0,852,Hikari,Arcaea,1.05,8.0,8.5,,,,,https://cdn.wikiwiki.jp/to/w/arcaea/Reinvent/::ref/Reinvent.jpg.webp
64,Syro,さいろ,Mitomoro,178.0,1150,Hikari,Arcaea,1.05,9.0,9.3,,,,,https://cdn.wikiwiki.jp/to/w/arcaea/Syro/::ref/Syro.jpg.webp
65,Dream goes on,どりーむごーずおん,Tiny Minim,174.0,719,Hikari,Lanota,1.05,7.7,7.7,,,,,https://cdn.wikiwiki.jp/to/w/arcaea/Dream goes on/::ref/Dream goes on.jpg
66,Journey,じゃーにー,ARForest,200.0,997,Hikari,Lanota,1.05,9.0,9.1,,,,,https://cdn.wikiwiki.jp/to/w/arcaea/Journey/::ref/Journey.jpg.webp
67,Specta,すぺくた,Junk,179.0,1096,Hikari,Lanota,1.05,9.0,9.5,,,,,https://cdn.wikiwiki.jp/to/w/arcaea/Specta/::ref/Specta.jpg.webp
68,Quon,くおん,Feryquitous,189.0,991,Hikari,Lanota,1.05,9.0,9.6,,,,,https://cdn.wikiwiki.jp/to/w/arcaea/Quon/::ref/Quon.jpg.webp
69,cyanine,シアニン,jioyi,182.0,1171,Tairitsu,Lanota,1.05,10.0,10.6,,,,,https://cdn.wikiwiki.jp/to/w/arcaea/cyanine/::ref/cyanine.jpg.webp
70,Metallic Punisher,メタパニ,INNOCENT NOISE,165.0,1238,Tairitsu,Memory Archive,1.05,10.0,10.3,,,,,https://cdn.wikiwiki.jp/to/w/arcaea/Metallic Punisher/::ref/Metallic Punisher.jpg.webp
71,Blaster,ぶらすたー,Massive New Krew,180.0,1002,Tairitsu,Arcaea,1.05,9.0,9.3,,,,,https://cdn.wikiwiki.jp/to/w/arcaea/Blaster/::ref/Blaster.jpg.webp
72,next to you,ねくすととぅーゆー,uma feat. 橘花音	,165.0,824,Hikari,Binary Enfold,1.06,8.7,8.8,,,,,https://cdn.wikiwiki.jp/to/w/arcaea/next to you/::ref/next to you.jpg.webp
73,Silent Rush,さいれんとらっしゅ,Soleily,158.0,941,Tairitsu,Binary Enfold,1.06,8.0,8.6,,,,,https://cdn.wikiwiki.jp/to/w/arcaea/Silent Rush/::ref/Silent Rush.jpg.webp
74,Strongholds,すとろんぐほーるず,Yooh,105.0,922,Tairitsu,Binary Enfold,1.06,9.0,9.2,,,,,https://cdn.wikiwiki.jp/to/w/arcaea/Strongholds/::ref/Strongholds.jpg.webp
75,Memory Forest,メモ森,ETIA.,178.0,978,Hikari,Binary Enfold,1.06,9.7,9.8,,,,,https://cdn.wikiwiki.jp/to/w/arcaea/Memory Forest/::ref/Memory Forest.jpg.webp
76,Singularity,シンギュラ,ETIA.,175.0,1105,Tairitsu,Binary Enfold,1.06,10.7,10.7,,,,,https://cdn.wikiwiki.jp/to/w/arcaea/Singularity/::ref/Singularity.jpg.webp
77,carmine:scythe,カーマイン,かゆき,165.0,1164,Tairitsu,Memory Archive,1.06,9.0,9.6,,,,,https://cdn.wikiwiki.jp/to/w/arcaea/carmine_scythe/::ref/carmine_scythe.jpg.webp
78,γuarδina,ガーディナ,Aoi,202.0,1120,Hikari,Memory Archive,1.06,10.0,10.4,,,,,https://cdn.wikiwiki.jp/to/w/arcaea/%CE%B3uar%CE%B4ina/::ref/guardina.jpg.webp
79,Cybernecia Catharsis,サイバネシア,Tanchiky,184.0,946,Tairitsu,Arcaea,1.06,9.0,9.5,,,,,https://cdn.wikiwiki.jp/to/w/arcaea/Cybernecia Catharsis/::ref/Cybernecia Catharsis.jpg.webp
80,Be There,びーぜあー,PSYQUI,164.0,982,Hikari,Memory Archive,1.06,9.0,9.4,,,,,https://cdn.wikiwiki.jp/to/w/arcaea/Be There/::ref/Be There.jpg.webp
81,inkar-usi,いんかるし,DIA,102.0,463,Hikari,Arcaea,1.06,7.7,7.7,,,,,https://cdn.wikiwiki.jp/to/w/arcaea/inkar-usi/::ref/inkar-usi.jpg.webp
82,Call My Name feat. Yukacco,こーるまいねーむ,Mameyudoufu,175.0,921,Hikari,Memory Archive,1.06,8.7,8.7,,,,,https://cdn.wikiwiki.jp/to/w/arcaea/Call My Name feat. Yukacco/::ref/Call My Name feat. Yukacco.jpg
83,Suomi,すおみ,Aire,125.0,818,Hikari,Arcaea,1.07,7.7,7.7,,,,,https://cdn.wikiwiki.jp/to/w/arcaea/Suomi/::ref/Suomi.jpg.webp
84,Bookmaker (2D Version),ぶっくまーかー,Kobaryo,175.0,1124,Tairitsu,Arcaea,1.07,8.0,8.3,,,,,https://cdn.wikiwiki.jp/to/w/arcaea/Bookmaker (2D Version)/::ref/Bookmaker (2D Version).jpg.webp
85,堕楽の園,だらくのその,gmtn. (witch's slave),168.0,1061,Tairitsu,Arcaea,1.07,9.0,9.5,,,,,https://cdn.wikiwiki.jp/to/w/arcaea/%E5%A0%95%E6%A5%BD%E3%81%AE%E5%9C%92/::ref/Illegal%20Paradise.jpg.webp
86,九番目の迷路,きゅうばんめのめいろ,アリスシャッハと魔法の楽団,159.0,775,Hikari,Luminous Sky,1.07,8.7,8.9,,,,,https://cdn.wikiwiki.jp/to/w/arcaea/%E4%B9%9D%E7%95%AA%E7%9B%AE%E3%81%AE%E8%BF%B7%E8%B7%AF/::ref/Maze%20No.9-2.jpg.webp
87,The Message,ざめっせーじ,Jun Kuroda,202.0,992,Hikari,Luminous Sky,1.07,9.7,9.7,,,,,https://cdn.wikiwiki.jp/to/w/arcaea/The Message/::ref/The Message.jpg.webp
88,Sulfur,さるふぁー,ぺのれり,182.0,1045,Hikari,Luminous Sky,1.07,9.7,9.7,,,,,https://cdn.wikiwiki.jp/to/w/arcaea/Sulfur/::ref/Sulfur.jpg.webp
89,Halcyon,はるしおん,xi,191.0,1227,Hikari,Luminous Sky,1.07,10.7,10.7,,,,,https://cdn.wikiwiki.jp/to/w/arcaea/Halcyon/::ref/Halcyon.jpg.webp
90,Ether Strike,えーてるすとらいく,Akira Complex,156.0,1170,Hikari,Luminous Sky,1.07,10.0,10.3,,,,,https://cdn.wikiwiki.jp/to/w/arcaea/Ether Strike/::ref/Ether Strike.jpg.webp
91,Fracture Ray,フラクチャ,Sakuzyo,200.0,1279,Hikari,Luminous Sky,1.07,11.0,11.3,,,,,https://cdn.wikiwiki.jp/to/w/arcaea/Fracture Ray/::ref/Fracture Ray.jpg.webp
92,Nhelv,ねるふ,Silentroom,174.59,1108,Tairitsu,Arcaea,1.07,9.7,9.9,,,,,https://cdn.wikiwiki.jp/to/w/arcaea/Nhelv/::ref/Nhelv.jpg.webp
93,dropdead,ドロデ,Frums,50.0,823,Tairitsu,Memory Archive,1.07,8.7,9.1,,,,,https://cdn.wikiwiki.jp/to/w/arcaea/dropdead/::ref/dropdead.jpg.webp
94,Fallensquare,フォーレン,Silentroom,99.0,703,Tairitsu,Memory Archive,1.07,9.0,9.6,,,,,https://cdn.wikiwiki.jp/to/w/arcaea/Fallensquare/::ref/Fallensquare.jpg
95,白道、多希望羊と信じありく。,びゃくどう,Apo11o program ft. 大瀬良あい,192.0,1058,Tairitsu,Arcaea,1.07,9.0,9.6,,,,,https://cdn.wikiwiki.jp/to/w/arcaea/%E7%99%BD%E9%81%93%E3%80%81%E5%A4%9A%E5%B8%8C%E6%9C%9B%E7%BE%8A%E3%81%A8%E4%BF%A1%E3%81%98%E3%81%82%E3%82%8A%E3%81%8F%E3%80%82/::ref/LunarOrbit%20-believe%20in%20the%20Espebranch%20road-.jpg.webp
96,Purgatorium,ぷるがと,お月さま交響曲,150.0,983,Tairitsu,Arcaea,1.07,8.0,8.4,,,,,https://cdn.wikiwiki.jp/to/w/arcaea/Purgatorium/::ref/Purgatorium.jpg.webp
97,Alexandrite,あれきさんどらいと,WAiKURO,146.0,1040,Tairitsu,Memory Archive,1.07,10.0,10.0,,,,,https://cdn.wikiwiki.jp/to/w/arcaea/Alexandrite/::ref/Alexandrite.jpg.webp
98,光,ひかり,THB,130.0,684,Tairitsu,Tone Sphere,1.08,8.0,8.1,,,,,https://cdn.wikiwiki.jp/to/w/arcaea/%E5%85%89/::ref/Hikari.jpg.webp
99,Hall of Mirrors,ほーるおぶみらーず,Sta,147.0,898,Tairitsu,Tone Sphere,1.08,8.0,8.2,,,,,https://cdn.wikiwiki.jp/to/w/arcaea/Hall of Mirrors/::ref/Hall of Mirrors.jpg.webp
100,STAGER (ALL STAGE CLEAR),すていじゃー,Ras,145.0,1004,Hikari,Tone Sphere,1.08,9.0,9.5,,,,,https://cdn.wikiwiki.jp/to/w/arcaea/STAGER%20%28ALL%20STAGE%20CLEAR%29/::ref/STAGER%20%28ALL%20STAGE%20CLEAR%29%2003.jpg.webp
101,Linear Accelerator,リニア,THE SHAFT,211.9,905,Hikari,Tone Sphere,1.08,9.7,9.8,,,,,https://cdn.wikiwiki.jp/to/w/arcaea/Linear Accelerator/::ref/Linear Accelerator.jpg.webp
102,Tiferet,てぃふぁれっと,xi vs Sta,140.0,1086,Tairitsu,Tone Sphere,1.08,10.0,10.4,,,,,https://cdn.wikiwiki.jp/to/w/arcaea/Tiferet/::ref/Tiferet.jpg.webp
103,Rugie,るぎえ,Feryquitous feat.Sennzai,191.0,975,Tairitsu,Arcaea,1.08,9.0,9.2,,,,,https://cdn.wikiwiki.jp/to/w/arcaea/Rugie/::ref/Rugie.jpg.webp
104,Astral tale,あすとらるてーる,Noah,134.0,884,Tairitsu,Memory Archive,1.08,9.0,9.6,,,,,https://cdn.wikiwiki.jp/to/w/arcaea/Astral tale/::ref/Astral tale.jpg.webp
105,Phantasia,ふぁんたしあ,Yunosuke,153.0,952,Hikari,Memory Archive,1.08,9.0,9.2,,,,,https://cdn.wikiwiki.jp/to/w/arcaea/Phantasia/::ref/Phantasia.jpg.webp
106,Empire of Winter,えんぱいあおぶうぃんたー,Street,175.0,920,Hikari,Memory Archive,1.08,9.0,9.0,,,,,https://cdn.wikiwiki.jp/to/w/arcaea/Empire of Winter/::ref/Empire of Winter.jpg.webp
107,MERLIN,まーりん,REDALiCE,180.0,712,Hikari,Groove Coaster,1.09,8.7,8.9,,,,,https://cdn.wikiwiki.jp/to/w/arcaea/MERLIN/::ref/MERLIN.jpg.webp
108,DX超性能フルメタル少女,フルメタ,IOSYS TRAX (uno with.ちょこ),160.0,808,Hikari,Groove Coaster,1.09,9.7,9.8,,,,,https://cdn.wikiwiki.jp/to/w/arcaea/DX%E8%B6%85%E6%80%A7%E8%83%BD%E3%83%95%E3%83%AB%E3%83%A1%E3%82%BF%E3%83%AB%E5%B0%91%E5%A5%B3/::ref/DX%20Choseinou%20Full%20Metal%20Shojo.jpg.webp
109,OMAKENO Stroke,おまけの,t+pazolite,240.0,869,Tairitsu,Groove Coaster,1.09,9.0,9.5,,,,,https://cdn.wikiwiki.jp/to/w/arcaea/OMAKENO Stroke/::ref/OMAKENO Stroke.jpg.webp
110,Scarlet Lance,スカラン,MASAKI (ZUNTATA),185.0,1130,Hikari,Groove Coaster,1.09,10.0,10.1,,,,,https://cdn.wikiwiki.jp/to/w/arcaea/Scarlet Lance/::ref/Scarlet Lance.jpg.webp
111,ouroboros -twin stroke of the end-,ウロボ,Cranky VS MASAKI,188.0,1369,Tairitsu,Groove Coaster,1.09,10.7,10.7,,,,,https://cdn.wikiwiki.jp/to/w/arcaea/ouroboros -twin stroke of the end-/::ref/ouroboros -twin stroke of the end-.jpg.webp
112,Libertas,りべるたす,Zekk,160.0,947,Hikari,Memory Archive,1.09,9.0,9.2,,,,,https://cdn.wikiwiki.jp/to/w/arcaea/Libertas/::ref/Libertas.jpg.webp
113,虚空の夢,こくうのゆめ,ak+q feat.Sennzai,162.0,972,Hikari,Eternal Core,1.09,8.7,8.8,,,,,https://cdn.wikiwiki.jp/to/w/arcaea/%E8%99%9A%E7%A9%BA%E3%81%AE%E5%A4%A2/::ref/Solitary%20Dream_ja.jpg.webp
114,Grimheart,ぐりむはーと,Puru,170.0,959,Hikari,Arcaea,2.0,8.7,8.7,,,,,https://cdn.wikiwiki.jp/to/w/arcaea/Grimheart/::ref/Grimheart.jpg.webp
115,ReviXy,リヴィクシー,ikaruga nex,185.0,1047,Tairitsu,Arcaea,2.0,9.0,9.0,,,,,https://cdn.wikiwiki.jp/to/w/arcaea/ReviXy/::ref/ReviXy.jpg.webp
116,Antithese,あんちてーぜ,Blacklolita,172.0,877,Tairitsu,Absolute Reason,2.0,8.7,8.8,,,,,https://cdn.wikiwiki.jp/to/w/arcaea/Antithese/::ref/Antithese.jpg.webp
117,Black Territory,ブラテリ,DJ Myosuke,200.0,1195,Tairitsu,Absolute Reason,2.0,9.7,9.8,,,,,https://cdn.wikiwiki.jp/to/w/arcaea/Black Territory/::ref/Black Territory.jpg.webp
118,Corruption,こらぷしょん,3R2,170.0,1293,Tairitsu,Absolute Reason,2.0,9.7,9.8,,,,,https://cdn.wikiwiki.jp/to/w/arcaea/Corruption/::ref/Corruption.jpg.webp
119,Vicious Heroism,ヒロイズム,Kobaryo,256.0,1150,Tairitsu,Absolute Reason,2.0,10.0,10.0,,,,,https://cdn.wikiwiki.jp/to/w/arcaea/Vicious Heroism/::ref/Vicious Heroism.jpg.webp
120,Cyaegha,しあえが,USAO,200.0,1368,Tairitsu,Absolute Reason,2.0,10.7,10.7,,,,,https://cdn.wikiwiki.jp/to/w/arcaea/Cyaegha/::ref/Cyaegha.jpg.webp
121,VECTOR,べくたー,WHITEFISTS,200.0,1299,Tairitsu,Arcaea,2.0,9.0,9.4,,,,,https://cdn.wikiwiki.jp/to/w/arcaea/VECTOЯ/::ref/VECTOЯ.jpg.webp
122,SUPERNOVA,すーぱーのば,BACO,150.0,1123,Tairitsu,Arcaea,2.0,9.7,9.7,,,,,https://cdn.wikiwiki.jp/to/w/arcaea/SUPERNOVA/::ref/SUPERNOVA.jpg.webp
123,Dot to Dot feat. shully,どっととぅーどっと,Mameyudoufu,174.0,739,Hikari,Memory Archive,2.0,8.0,8.3,,,,,https://cdn.wikiwiki.jp/to/w/arcaea/Dot to Dot feat. shully/::ref/Dot to Dot feat. shully.jpg.webp
124,Garakuta Doll Play,ガラクタ,t+pazolite,256.0,1035,Tairitsu,CHUNITHM,2.01,10.0,10.4,,,,,https://cdn.wikiwiki.jp/to/w/arcaea/Garakuta Doll Play/::ref/Garakuta Doll Play.jpg.webp
125,怒槌,ドトール,光吉猛修,200.0,1347,Tairitsu,CHUNITHM,2.01,10.0,10.4,,,,,https://cdn.wikiwiki.jp/to/w/arcaea/%E6%80%92%E6%A7%8C/::ref/Ikazuchi.jpg.webp
126,World Vanquisher,バンキシャ,Void (Mournfinale),170.0,1452,Hikari,CHUNITHM,2.01,10.7,10.8,,,,,https://cdn.wikiwiki.jp/to/w/arcaea/World Vanquisher/::ref/World Vanquisher.jpg.webp
127,Dreadnought,ドレノ,Mastermind (xi + nora2r),384.0,1099,Tairitsu,Memory Archive,2.02,9.7,9.7,,,,,https://cdn.wikiwiki.jp/to/w/arcaea/Dreadnought/::ref/Dreadnought.jpg.webp
128,Particle Arts,ぱーてぃくるあーつ,Virtual Self,175.0,925,Tairitsu,Adverse Prelude,2.02,8.7,8.8,,,,,https://cdn.wikiwiki.jp/to/w/arcaea/Particle Arts/::ref/Particle Arts.jpg.webp
129,Vindication,ヴィンディケーション,Laur,174.0,1075,Hikari,Adverse Prelude,2.02,9.0,9.6,,,,,https://cdn.wikiwiki.jp/to/w/arcaea/Vindication/::ref/Vindication.jpg.webp
130,Heavensdoor,天門,LeaF,240.0,1101,Tairitsu,Adverse Prelude,2.02,9.7,9.9,,,,,https://cdn.wikiwiki.jp/to/w/arcaea/Heavensdoor/::ref/Heavensdoor.jpg
131,Ringed Genesis,リンジェネ,Edelritter,160.0,1146,Hikari,Adverse Prelude,2.02,10.7,10.8,,,,,https://cdn.wikiwiki.jp/to/w/arcaea/Ringed Genesis/::ref/Ringed Genesis.jpg.webp
132,Chelsea,ちぇるしー,7mai,174.0,650,Hikari,Sunset Radiance,2.03,8.7,8.9,,,,,https://cdn.wikiwiki.jp/to/w/arcaea/Chelsea/::ref/Chelsea.jpg.webp
133,AI[UE]OON,あいうえおおん,MYUKKE.,145.0,989,Hikari,Sunset Radiance,2.03,9.0,9.4,,,,,https://cdn.wikiwiki.jp/to/w/arcaea/AI_UE_OON/::ref/AI_UE_OON.jpg.webp
134,迷える音色は恋の唄,恋の唄,からとPanchii少年 feat.はるの,165.0,931,Hikari,Sunset Radiance,2.03,9.0,9.6,,,,,https://cdn.wikiwiki.jp/to/w/arcaea/%E8%BF%B7%E3%81%88%E3%82%8B%E9%9F%B3%E8%89%B2%E3%81%AF%E6%81%8B%E3%81%AE%E5%94%84/::ref/A%20Wandering%20Melody%20of%20Love.jpg.webp
135,Tie me down gently,たいみーだうんじぇんとりぃ,溝口ゆうま feat. 大瀬良あい,191.0,724,Tairitsu,Sunset Radiance,2.03,8.0,8.3,,,,,https://cdn.wikiwiki.jp/to/w/arcaea/Tie me down gently/::ref/Tie me down gently.jpg.webp
136,Valhalla:0,ヴァルハラ,Juggernaut.,200.0,1173,Tairitsu,Sunset Radiance,2.03,10.0,10.4,,,,,https://cdn.wikiwiki.jp/to/w/arcaea/Valhalla_0/::ref/Valhalla_0.jpg.webp
137,Mirzam,みるざむ,Aoi vs. siqlo,201.0,1303,Tairitsu,Memory Archive,2.03,10.0,10.0,,,,,https://cdn.wikiwiki.jp/to/w/arcaea/Mirzam/::ref/Mirzam.jpg.webp
138,Diode,だいおーど,Kolaa,132.0,709,Hikari,Arcaea,2.04,8.0,8.1,,,,,https://cdn.wikiwiki.jp/to/w/arcaea/Diode/::ref/Diode.jpg.webp
139,FREEF4LL,ふりーふぉーる,YUKIYANAGI,170.0,1023,Tairitsu,Arcaea,2.04,8.0,8.6,,,,,https://cdn.wikiwiki.jp/to/w/arcaea/FREEF4LL/::ref/FREEF4LL.jpg.webp
140,GLORY：ROAD,グロロ,uma vs. モリモリあつし,250.0,1479,Hikari,Crimson Solace,2.04,10.0,10.6,,,,,https://cdn.wikiwiki.jp/to/w/arcaea/GLORY%EF%BC%9AROAD/::ref/GLORY_ROAD.jpg.webp
141,Monochrome Princess,モノクローム,polysha,160.0,974,Tairitsu,Arcaea,2.04,9.7,9.7,,,,,https://cdn.wikiwiki.jp/to/w/arcaea/Monochrome Princess/::ref/Monochrome Princess.jpg.webp
142,Heavenly caress,ヘブンリー,Noah,241.0,1560,Hikari,Memory Archive,2.04,9.7,9.8,,,,,https://cdn.wikiwiki.jp/to/w/arcaea/Heavenly caress/::ref/Heavenly caress.jpg.webp
143,Senkyou,せんきょう,MYTK,90.0,964,Hikari,Arcaea,2.04,8.7,8.7,,,,,https://cdn.wikiwiki.jp/to/w/arcaea/Senkyou/::ref/Senkyou.jpg.webp
144,Filament,ふぃらめんと,Puru,170.0,991,Hikari,Memory Archive,2.04,9.7,9.7,,,,,https://cdn.wikiwiki.jp/to/w/arcaea/Filament/::ref/Filament.jpg.webp
145,Avant Raze,あばんとれいず,Sampling Masters MEGA,200.0,1125,Tairitsu,Memory Archive,2.04,9.0,9.6,,,,,https://cdn.wikiwiki.jp/to/w/arcaea/Avant Raze/::ref/Avant Raze.jpg.webp
146,BATTLE NO.1,バトワン,TANO*C Sound Team,200.0,1042,Tairitsu,Memory Archive,2.04,9.7,9.7,,,,,https://cdn.wikiwiki.jp/to/w/arcaea/BATTLE NO.1/::ref/BATTLE NO.1.jpg.webp
147,La'qryma of the Wasteland,ラクリマ,DJ Noriken,168.0,956,Tairitsu,Memory Archive,2.05,9.0,9.1,,,,,https://cdn.wikiwiki.jp/to/w/arcaea/La'qryma of the Wasteland/::ref/La'qryma of the Wasteland.jpg.webp
148,Einherjar Joker,えいんへりあるじょーかー,DJ Genki vs Gram,222.0,1159,Tairitsu,Memory Archive,2.05,9.7,9.8,,,,,https://cdn.wikiwiki.jp/to/w/arcaea/Einherjar Joker/::ref/Einherjar Joker.jpg.webp
149,IZANA,いざな,t+pazolite vs P*Light,222.0,976,Hikari,Memory Archive,2.05,10.0,10.3,,,,,https://cdn.wikiwiki.jp/to/w/arcaea/IZANA/::ref/IZANA.jpg.webp
150,最強STRONGER,最スト,REDALiCE vs USAO,205.0,1384,Tairitsu,Memory Archive,2.05,11.0,11.0,,,,,https://cdn.wikiwiki.jp/to/w/arcaea/%E6%9C%80%E5%BC%B7STRONGER/::ref/SAIKYO%20STRONGER.jpg.webp
151,world.execute(me);,わーるどえぐぜきゅーとみー,Mili,130.0,851,Hikari,Arcaea,2.05,8.0,8.0,,,,,https://cdn.wikiwiki.jp/to/w/arcaea/world.execute%28me%29%3B/::ref/world-execute-me.jpg.webp
152,BLRINK,ぶりんく,Sta,115.0,1015,Tairitsu,Adverse Prelude,2.05,9.7,9.7,,,,,https://cdn.wikiwiki.jp/to/w/arcaea/BLRINK/::ref/BLRINK.jpg.webp
153,Oblivia,おぶりびあ,Saiph,180.0,956,Hikari,Arcaea,2.06,8.0,8.3,,,,,https://cdn.wikiwiki.jp/to/w/arcaea/Oblivia/::ref/Oblivia.jpg.webp
154,amygdata,あみぐでーた,nitro,154.0,1199,Tairitsu,Memory Archive,2.06,9.7,9.7,,,,,https://cdn.wikiwiki.jp/to/w/arcaea/amygdata/::ref/amygdata.jpg.webp
155,corps-sans-organes,コープス,cybermiso,105.0,1077,Tairitsu,Ambivalent Vision,2.06,10.0,10.6,,,,,https://cdn.wikiwiki.jp/to/w/arcaea/corps-sans-organes/::ref/corps-sans-organes.jpg.webp
156,Equilibrium,えくいりぶりむ,Maozon,180.0,951,Hikari,Black Fate,3.0,9.0,9.4,,,,,https://cdn.wikiwiki.jp/to/w/arcaea/Equilibrium/::ref/Equilibrium.jpg.webp
157,Antagonism,アンタゴ,Yooh vs. siromaru,160.0,1142,Tairitsu,Black Fate,3.0,9.7,9.9,,,,,https://cdn.wikiwiki.jp/to/w/arcaea/Antagonism/::ref/Antagonism.jpg.webp
158,Lost Desire,ロスデザ,Powerless feat. Sennzai,170.0,1154,Tairitsu,Black Fate,3.0,9.7,9.8,,,,,https://cdn.wikiwiki.jp/to/w/arcaea/Lost Desire/::ref/Lost Desire.jpg.webp
159,Dantalion,ダンタ,Team Grimoire,186.0,1476,Tairitsu,Black Fate,3.0,10.7,10.9,,,,,https://cdn.wikiwiki.jp/to/w/arcaea/Dantalion/::ref/Dantalion.jpg.webp
160,#1f1e33,カラコ,かめりあ(EDP),181.0,1576,Tairitsu,Black Fate,3.0,10.7,10.9,,,,,https://cdn.wikiwiki.jp/to/w/arcaea/_1f1e33/::ref/%231f1e33-2.jpg.webp
161,Tempestissimo,テンペ,t+pazolite,231.0,1254,Tairitsu,Black Fate,3.0,10.7,10.7,,,,,https://cdn.wikiwiki.jp/to/w/arcaea/Tempestissimo/::ref/Tempestissimo.jpg.webp
162,Arcahv,アーカヴ,Feryquitous,191.0,1065,Hikari,Black Fate,3.0,9.7,9.9,,,,,https://cdn.wikiwiki.jp/to/w/arcaea/Arcahv/::ref/Arcahv.jpg.webp
163,Vivid Theory,びびっとせおりー,ak+q,178.0,885,Hikari,Extend Archive,3.0,8.7,8.8,,,,,https://cdn.wikiwiki.jp/to/w/arcaea/Vivid Theory/::ref/Vivid Theory.jpg.webp
164,1F√,いふるーと,WHITEFISTS,130.0,758,Hikari,Extend Archive,3.0,8.0,8.2,,,,,https://cdn.wikiwiki.jp/to/w/arcaea/1F√/::ref/1F√.jpg.webp
165,Gekka (Short Version),げっか,Nhato,132.0,817,Hikari,Extend Archive,3.0,8.0,8.6,,,,,https://cdn.wikiwiki.jp/to/w/arcaea/Gekka (Short Version)/::ref/Gekka (Short Version).jpg.webp
166,Give Me a Nightmare,ぎぶみーあないとまーれ,アリスシャッハと魔法の楽団,190.0,948,Tairitsu,Extend Archive,3.0,8.7,8.9,,,,,https://cdn.wikiwiki.jp/to/w/arcaea/Give Me a Nightmare/::ref/Give Me a Nightmare.jpg.webp
167,Black Lotus,ぶらっくろーたす,wa.,200.0,965,Tairitsu,Extend Archive,3.0,9.7,9.7,,,,,https://cdn.wikiwiki.jp/to/w/arcaea/Black Lotus/::ref/Black Lotus.jpg.webp
168,Altale,あるたいる,Sakuzyo,90.0,690,Hikari,Memory Archive,3.0,9.7,9.7,,,,,https://cdn.wikiwiki.jp/to/w/arcaea/Altale/::ref/Altale.jpg.webp
169,Faint Light (Arcaea Edit),ふぁいんとらいと,Taishi,133.0,809,Hikari,Extend Archive,3.0,9.0,9.1,,,,,https://cdn.wikiwiki.jp/to/w/arcaea/Faint Light (Arcaea Edit)/::ref/Faint Light (Arcaea Edit).jpg.webp
170,Feels So Right feat. Renko,ふぃーるそーらいと,Mysteka,180.0,947,Hikari,Memory Archive,3.0,9.0,9.3,,,,,https://cdn.wikiwiki.jp/to/w/arcaea/Feels So Right feat. Renko/::ref/Feels So Right feat. Renko.jpg.webp
171,Scarlet Cage,すかーれっとけーじ,Daisuke Kurosawa,166.0,1195,Tairitsu,Memory Archive,3.0,9.7,9.8,,,,,https://cdn.wikiwiki.jp/to/w/arcaea/Scarlet Cage/::ref/Scarlet Cage.jpg.webp
172,Teriqma,てりくま,owl*tree,128.0,873,Tairitsu,Memory Archive,3.0,9.0,9.4,,,,,https://cdn.wikiwiki.jp/to/w/arcaea/Teriqma/::ref/Teriqma.jpg.webp
173,MAHOROBA,まほろば,Zekk,195.0,828,Hikari,Memory Archive,3.0,9.0,9.5,,,,,https://cdn.wikiwiki.jp/to/w/arcaea/MAHOROBA/::ref/MAHOROBA.jpg.webp
174,Vexaria,ヴェクセリア,ak+q,180.0,785,Hikari,Arcaea,3.0,,,,,9.0,9.0,https://cdn.wikiwiki.jp/to/w/arcaea/Vexaria/::ref/Vexaria-b.jpg.webp
175,Fairytale,ふぇありーている,chitose,189.0,932,Hikari,Arcaea,3.0,,,,,9.0,9.5,https://cdn.wikiwiki.jp/to/w/arcaea/Fairytale/::ref/Fairytale-b.jpg.webp
176,Infinity Heaven,いんふぃにてぃーへぶん,HyuN,160.0,986,Hikari,Arcaea,3.0,,,,,9.0,9.6,https://cdn.wikiwiki.jp/to/w/arcaea/Infinity%20Heaven/::ref/Infinity%20Heaven-b.jpg.webp
177,GOODTEK(Arcaea Edit),グッテク,EBIMAYO,190.0,1103,Hikari,Arcaea,3.0,,,,,9.7,9.8,https://cdn.wikiwiki.jp/to/w/arcaea/GOODTEK%20%28Arcaea%20Edit%29/::ref/GOODTEK%20%28Arcaea%20Edit%29-b.jpg.webp
178,Tempestissimo,テンペ,t+pazolite,231.0,1540,Tairitsu,Black Fate,3.0,,,,,11.0,11.5,https://cdn.wikiwiki.jp/to/w/arcaea/Tempestissimo/::ref/Tempestissimo-b.jpg.webp
179,BADTEK,バッテク,EBIMAYO,190.0,916,Tairitsu,Memory Archive,3.01,9.7,9.7,,,,,https://cdn.wikiwiki.jp/to/w/arcaea/BADTEK/::ref/BADTEK.jpg.webp
180,Malicious Mischance,マリミス,s-don,155.0,1126,Tairitsu,Memory Archive,3.01,10.0,10.2,,,,,https://cdn.wikiwiki.jp/to/w/arcaea/Malicious Mischance/::ref/Malicious Mischance.jpg.webp
181,Purgatorium,ぷるがと,お月さま交響曲,150.0,1051,Tairitsu,Arcaea,3.01,,,,,9.0,9.6,https://cdn.wikiwiki.jp/to/w/arcaea/Purgatorium/::ref/Purgatorium-b.jpg.webp
182,Dement ~after legend~,でぃめんと,Cosmograph,210.0,1040,Tairitsu,Arcaea,3.01,,,,,9.7,9.9,https://cdn.wikiwiki.jp/to/w/arcaea/Dement%20~after%20legend~/::ref/Dement%20~after%20legend~-b.jpg.webp
183,Got hive of Ra,ごっとはいぶおぶら,E.G.G,268.0,794,Hikari,Groove Coaster,3.02,9.7,9.8,,,,,https://cdn.wikiwiki.jp/to/w/arcaea/Got hive of Ra/::ref/Got hive of Ra.jpg.webp
184,BUCHiGiRE Berserker,ブチギレ,REDALiCE vs MASAKI,200.0,1412,Tairitsu,Memory Archive,3.02,10.7,10.9,,,,,https://cdn.wikiwiki.jp/to/w/arcaea/BUCHiGiRE Berserker/::ref/BUCHiGiRE Berserker.jpg.webp
185,Galaxy Friends,ギャラフレ,Kobaryo,300.0,1013,Tairitsu,Memory Archive,3.02,9.7,9.8,,,,,https://cdn.wikiwiki.jp/to/w/arcaea/Galaxy Friends/::ref/Galaxy Friends.jpg.webp
186,CROSS♰OVER,くろすおーばー,HyuN Feat. LyuU,200.0,1094,Tairitsu,Extend Archive,3.02,9.0,9.4,,,,,https://cdn.wikiwiki.jp/to/w/arcaea/CROSS†OVER/::ref/CROSS†OVER.jpg.webp
187,Lapis,らぴす,SHIKI,146.0,920,Hikari,Extend Archive,3.02,9.0,9.4,,,,,https://cdn.wikiwiki.jp/to/w/arcaea/Lapis/::ref/Lapis.jpg.webp
188,Xeraphinite,せらふぃないと,BlavkY,146.0,1048,Hikari,Memory Archive,3.02,9.7,9.8,,,,,https://cdn.wikiwiki.jp/to/w/arcaea/Xeraphinite/::ref/Xeraphinite.jpg.webp
189,Xanatos,たなとす,Tatsh,170.0,1232,Tairitsu,Memory Archive,3.02,10.0,10.0,,,,,https://cdn.wikiwiki.jp/to/w/arcaea/Xanatos/::ref/Xanatos.jpg.webp
190,Lumia,るみあ,sky_delta,180.0,814,Hikari,Arcaea,3.02,,,,,9.0,9.5,https://cdn.wikiwiki.jp/to/w/arcaea/Lumia/::ref/Lumia-b.jpg.webp
191,Alice a la mode,ありすあらもーど,Masanori Akita,134.0,872,Hikari,Ephemeral Page,3.03,9.0,9.2,,,,,https://cdn.wikiwiki.jp/to/w/arcaea/Alice a la mode/::ref/Alice a la mode.jpg.webp
192,Eccentric Tale,えくせんとりっくてーる,Yamajet,132.0,732,Tairitsu,Ephemeral Page,3.03,8.0,8.4,,,,,https://cdn.wikiwiki.jp/to/w/arcaea/Eccentric Tale/::ref/Eccentric Tale.jpg.webp
193,Alice's Suitcase,ありすすーつけーす,Endorfin.,190.0,999,Hikari,Ephemeral Page,3.03,9.0,9.1,,,,,https://cdn.wikiwiki.jp/to/w/arcaea/Alice's Suitcase/::ref/Alice's Suitcase.jpg.webp
194,Jump,じゃんぷ,Rasmus Faber,133.0,841,Hikari,Ephemeral Page,3.03,9.0,9.0,,,,,https://cdn.wikiwiki.jp/to/w/arcaea/Jump/::ref/Jump.jpg.webp
195,Felis,ふぇりす,M2U,155.0,1153,Hikari,Ephemeral Page,3.03,10.0,10.4,,,,,https://cdn.wikiwiki.jp/to/w/arcaea/Felis/::ref/Felis.jpg.webp
196,Purple Verse,ぱーぷるばーす,Hommarju,170.0,1023,Tairitsu,Extend Archive,3.03,9.0,9.6,,,,,https://cdn.wikiwiki.jp/to/w/arcaea/Purple Verse/::ref/Purple Verse.jpg.webp
197,Beside You,びさいどゆー,江口孝宏,181.0,703,Hikari,Ephemeral Page,3.03,8.7,8.7,,,,,https://cdn.wikiwiki.jp/to/w/arcaea/Beside You/::ref/Beside You.jpg.webp
198,Heart Jackin',はーとじゃっきん,Yu_Asahina,160.0,1112,Hikari,Ephemeral Page,3.03,9.7,9.7,,,,,https://cdn.wikiwiki.jp/to/w/arcaea/Heart Jackin'/::ref/Heart Jackin'.jpg.webp
199,アリス・リデルに捧ぐ,アリリデ,モリモリあつし,222.0,998,Tairitsu,Ephemeral Page,3.03,10.0,10.3,,,,,https://cdn.wikiwiki.jp/to/w/arcaea/%E3%82%A2%E3%83%AA%E3%82%B9%E3%83%BB%E3%83%AA%E3%83%87%E3%83%AB%E3%81%AB%E6%8D%A7%E3%81%90/::ref/To_%20Alice%20Liddell.jpg.webp
200,Lazy Addiction,れいじーあでぃくしょん,sky_delta,185.0,1031,Hikari,O.N.G.E.K.I.,3.04,9.0,9.6,,,,,https://cdn.wikiwiki.jp/to/w/arcaea/Lazy Addiction/::ref/Lazy Addiction.jpg.webp
201,Dazzle hop,だずるほっぷ,Sampling Masters MEGA,220.0,1022,Tairitsu,O.N.G.E.K.I.,3.04,9.7,9.7,,,,,https://cdn.wikiwiki.jp/to/w/arcaea/Dazzle hop/::ref/Dazzle hop.jpg.webp
202,Viyella's Tears,ヴィエラ,Laur,218.0,1403,Tairitsu,O.N.G.E.K.I.,3.04,10.0,10.3,,,,,https://cdn.wikiwiki.jp/to/w/arcaea/Viyella's Tears/::ref/Viyella's Tears.jpg.webp
203,ω4,けつよん,穴山大輔 VS 光吉猛修 VS Kai,192.0,1393,Hikari,O.N.G.E.K.I.,3.04,10.7,10.8,,,,,https://cdn.wikiwiki.jp/to/w/arcaea/ω4/::ref/ω4.jpg.webp
204,四月の雨,しがつのあめ,cubesato,79.0,697,Hikari,maimai,3.04,8.0,8.3,,,,,https://cdn.wikiwiki.jp/to/w/arcaea/%E5%9B%9B%E6%9C%88%E3%81%AE%E9%9B%A8/::ref/April%20showers.jpg.webp
205,7thSense,せぶんすせんす,削除,150.0,925,Tairitsu,maimai,3.04,9.7,9.9,,,,,https://cdn.wikiwiki.jp/to/w/arcaea/7thSense/::ref/7thSense.jpg
206,Oshama Scramble!,おしゃま,t+pazolite,190.0,1073,Hikari,maimai,3.04,10.0,10.0,,,,,https://cdn.wikiwiki.jp/to/w/arcaea/Oshama Scramble!/::ref/Oshama Scramble!.jpg
207,AMAZING MIGHTYYYY!!!!,アメマイ,WAiKURO,185.0,1249,Tairitsu,maimai,3.04,10.7,10.7,,,,,https://cdn.wikiwiki.jp/to/w/arcaea/AMAZING MIGHTYYYY!!!!/::ref/AMAZING MIGHTYYYY!!!!.jpg
208,Moonheart,ムーンハート,翡乃イスカ,180.0,1139,Hikari,Ambivalent Vision,3.04,,,,,9.7,9.7,https://cdn.wikiwiki.jp/to/w/arcaea/Moonheart/::ref/Moonheart-b.jpg.webp
209,Climax,くらいまっくす,USAO,190.0,1367,Tairitsu,CHUNITHM,3.05,10.0,10.4,,,,,https://cdn.wikiwiki.jp/to/w/arcaea/Climax/::ref/Climax.jpg.webp
210,Last Celebration,ラスセレ,Laur vs CK,238.0,1475,Tairitsu,CHUNITHM,3.05,10.0,10.5,,,,,https://cdn.wikiwiki.jp/to/w/arcaea/Last Celebration/::ref/Last Celebration.jpg.webp
211,業 -善なる神とこの世の悪について-,業,光吉猛修 VS 穴山大輔,190.0,1522,Hikari,CHUNITHM,3.05,10.7,10.9,,,,,https://cdn.wikiwiki.jp/to/w/arcaea/%E6%A5%AD%20-%E5%96%84%E3%81%AA%E3%82%8B%E7%A5%9E%E3%81%A8%E3%81%93%E3%81%AE%E4%B8%96%E3%81%AE%E6%82%AA%E3%81%AB%E3%81%A4%E3%81%84%E3%81%A6-/::ref/Misdeed%20-la%20bonte%20de%20Dieu%20et%20l%27origine%20du%20mal-.jpg.webp
212,AttraqtiA,あとらくてぃあ,かめりあ,202.0,1433,Hikari,Memory Archive,3.05,10.0,10.6,,,,,https://cdn.wikiwiki.jp/to/w/arcaea/AttraqtiA/::ref/AttraqtiA.jpg.webp
213,Glow,ぐろう,SPACELECTRO,165.0,916,Tairitsu,Extend Archive,3.05,9.0,9.3,,,,,https://cdn.wikiwiki.jp/to/w/arcaea/Glow/::ref/Glow.jpg.webp
214,enchanted love,えんちゃんてっどらぶ,linear ring,95.0,759,Hikari,Extend Archive,3.05,8.0,8.4,,,,,https://cdn.wikiwiki.jp/to/w/arcaea/enchanted love/::ref/enchanted love.jpg.webp
215,竹,たけ,立秋 feat. ちょこ,315.0,1050,Hikari,Extend Archive,3.05,10.0,10.0,,,,,https://cdn.wikiwiki.jp/to/w/arcaea/%E7%AB%B9/::ref/Bamboo.jpg.webp
216,GIMME DA BLOOD,ぎみーだぶらっど,C-Show,110.0,1093,Tairitsu,Memory Archive,3.05,10.0,10.4,,,,,https://cdn.wikiwiki.jp/to/w/arcaea/GIMME DA BLOOD/::ref/GIMME DA BLOOD.jpg.webp
217,ベースラインやってる？w,ベースライン,かめりあ feat. ななひら,128.0,861,Hikari,Memory Archive,3.05,9.0,9.3,,,,,https://cdn.wikiwiki.jp/to/w/arcaea/%E3%83%99%E3%83%BC%E3%82%B9%E3%83%A9%E3%82%A4%E3%83%B3%E3%82%84%E3%81%A3%E3%81%A6%E3%82%8B%EF%BC%9Fw/::ref/Can%20I%20Friend%20You%20On%20Bassbook%3F%20Lol.jpg.webp
218,Life is PIANO,らいふいずぴあの,Junk,133.0,674,Hikari,Extend Archive,3.05,9.0,9.1,,,,,https://cdn.wikiwiki.jp/to/w/arcaea/Life is PIANO/::ref/Life is PIANO.jpg.webp
219,Paper Witch,ぺーぱーうぃっち,Yu-dachi,130.0,793,Hikari,Esoteric Order,3.06,8.7,8.7,,,,,https://cdn.wikiwiki.jp/to/w/arcaea/Paper Witch/::ref/Paper Witch.jpg.webp
220,Crystal Gravity,くりすたるぐらびてぃ,Tanchiky vs. siromaru,178.0,872,Tairitsu,Esoteric Order,3.06,9.0,9.4,,,,,https://cdn.wikiwiki.jp/to/w/arcaea/Crystal Gravity/::ref/Crystal Gravity.jpg.webp
221,Far Away Light,ふぁーあうぇいらいと,technoplanet feat. はるの & 黒沢ダイスケ,216.0,1322,Hikari,Esoteric Order,3.06,9.7,9.8,,,,,https://cdn.wikiwiki.jp/to/w/arcaea/Far%20Away%20Light/::ref/Far%20Away%20Light-fixed.jpg.webp
222,Löschen,れっしぇん,BlackY feat. Risa Yuzuki,181.0,1235,Tairitsu,Esoteric Order,3.06,10.0,10.2,,,,,https://cdn.wikiwiki.jp/to/w/arcaea/Löschen/::ref/Löschen.jpg.webp
223,Aegleseeker,アイグレ,Silentroom vs Frums,234.0,1568,Hikari,Esoteric Order,3.06,11.0,11.1,,,,,https://cdn.wikiwiki.jp/to/w/arcaea/Aegleseeker/::ref/Aegleseeker.jpg.webp
224,Coastal Highway,こうすたるはいうぇい,Glitch Droids,110.0,732,Hikari,Esoteric Order,3.06,9.0,9.0,,,,,https://cdn.wikiwiki.jp/to/w/arcaea/Coastal Highway/::ref/Coastal Highway.jpg.webp
225,ΟΔΥΣΣΕΙΑ,おでゅっせいあ,Sober Bear,174.0,1092,Tairitsu,Esoteric Order,3.06,9.0,9.5,,,,,https://cdn.wikiwiki.jp/to/w/arcaea/ΟΔΥΣΣΕΙΑ/::ref/ΟΔΥΣΣΕΙΑ.jpg.webp
226,Overwhelm,おーばーうぇるむ,xi,200.0,1251,Hikari,Esoteric Order,3.06,10.0,10.6,,,,,https://cdn.wikiwiki.jp/to/w/arcaea/Overwhelm/::ref/Overwhelm.jpg.webp
227,Vandalism,ヴァンダリズム,Ashrount,194.0,1087,Tairitsu,Extend Archive,3.06,9.7,9.7,,,,,https://cdn.wikiwiki.jp/to/w/arcaea/Vandalism/::ref/Vandalism.jpg.webp
228,Turbocharger,たーぼちゃーじゃー,A/I,170.0,979,Hikari,Extend Archive,3.06,9.0,9.0,,,,,https://cdn.wikiwiki.jp/to/w/arcaea/Turbocharger/::ref/Turbocharger.jpg.webp
229,THE ULTIMACY,じあるてぃましー,aran vs Massive New Krew,200.0,1304,Tairitsu,Memory Archive,3.06,9.7,9.8,,,,,https://cdn.wikiwiki.jp/to/w/arcaea/THE%20ULTIMACY/::ref/THE%20ULTIMACY.jpg.webp
230,烈華RESONANCE,れっか,REDALiCE vs Kobaryo,240.0,1212,Hikari,Memory Archive,3.06,10.7,10.7,,,,,https://cdn.wikiwiki.jp/to/w/arcaea/%E7%83%88%E8%8F%AFRESONANCE/::ref/REKKA%20RESONANCE.jpg.webp
231,next to you,ねくすととぅーゆー,uma feat. 橘花音	,165.0,954,Hikari,Binary Enfold,3.06,,,,,9.0,9.6,https://cdn.wikiwiki.jp/to/w/arcaea/next%20to%20you/::ref/next%20to%20you-b.jpg.webp
232,Lost Civilization,ろすとしびらいぜーしょん,Laur vs CK,210.0,1061,Tairitsu,Arcaea,3.06,,,,,9.7,9.8,https://cdn.wikiwiki.jp/to/w/arcaea/Lost%20Civilization/::ref/Lost%20Civilization-b.jpg.webp
233,La'qryma of the Wasteland,ラクリマ,DJ Noriken,168.0,1161,Tairitsu,Memory Archive,3.06,,,,,9.7,9.9,https://cdn.wikiwiki.jp/to/w/arcaea/La%27qryma%20of%20the%20Wasteland/::ref/La%27qryma%20of%20the%20Wasteland.jpg.webp
234,Bookmaker (2D Version),ぶっくまーかー,Kobaryo,175.0,1287,Tairitsu,Arcaea,3.06,,,,,10.0,10.0,https://cdn.wikiwiki.jp/to/w/arcaea/Bookmaker%20%282D%20Version%29/::ref/Bookmaker%20%282D%20Version%29-b.jpg.webp
235,Small Cloud Sugar Candy,SCSC,テヅカ × Aoi feat.桃雛なの,220.0,919,Hikari,Esoteric Order,3.07,9.0,9.1,,,,,https://cdn.wikiwiki.jp/to/w/arcaea/Small Cloud Sugar Candy/::ref/Small Cloud Sugar Candy.jpg.webp
236,AlterAle,あるたーえーる,Arik Kau Delay (アラ&かゆき&でり),245.0,1277,Hikari,Esoteric Order,3.07,9.7,9.7,,,,,https://cdn.wikiwiki.jp/to/w/arcaea/AlterAle/::ref/AlterAle.jpg.webp
237,光速神授説 - Divine Light of Myriad -,光速,yoho,172.0,1021,Hikari,Esoteric Order,3.07,10.7,10.8,,,,,https://cdn.wikiwiki.jp/to/w/arcaea/%E5%85%89%E9%80%9F%E7%A5%9E%E6%8E%88%E8%AA%AC%20-%20Divine%20Light%20of%20Myriad%20-/::ref/Divine%20Light%20of%20Myriad.jpg.webp
238,Seclusion,せくるーしょん,Laur feat. Sennzai,175.0,1132,Tairitsu,Esoteric Order,3.07,10.0,10.6,,,,,https://cdn.wikiwiki.jp/to/w/arcaea/Seclusion/::ref/Seclusion.jpg.webp
239,狂言綺語,きょうげんきご,影虎。& ikaruga_nex,155.0,969,Tairitsu,Extend Archive,3.07,9.0,9.3,,,,,https://cdn.wikiwiki.jp/to/w/arcaea/%E7%8B%82%E8%A8%80%E7%B6%BA%E8%AA%9E/::ref/False%20Embellishment.jpg.webp
240,HIVEMIND,はいぶまいんど,かたぎり,252.0,1252,Tairitsu,Extend Archive,3.07,10.0,10.0,,,,,https://cdn.wikiwiki.jp/to/w/arcaea/HIVEMIND/::ref/HIVEMIND.jpg.webp
241,Quon,わっかくおん,DJ Noriken,170.0,749,Tairitsu,WACCA,3.08,8.7,8.7,,,,,https://cdn.wikiwiki.jp/to/w/arcaea/Quon%E3%80%90WACCA%E3%80%91/::ref/Quon.jpg.webp
242,with U,うぃずゆー,t+pazolite & Massive New Krew feat. リリィ(CV:青木志貴),155.0,932,Hikari,WACCA,3.08,9.0,9.4,,,,,https://cdn.wikiwiki.jp/to/w/arcaea/with U/::ref/with U.jpg.webp
243,Let you DIVE! (nitro rmx),れっちゅーだいぶ,nitro (lowiro),185.0,1049,Hikari,WACCA,3.08,9.0,9.4,,,,,https://cdn.wikiwiki.jp/to/w/arcaea/Let you DIVE! (nitro rmx)/::ref/Let you DIVE! (nitro rmx).jpg.webp
244,Mazy Metroplex,めいじーめとろぷれっくす,aran,155.0,952,Hikari,WACCA,3.08,9.7,9.7,,,,,https://cdn.wikiwiki.jp/to/w/arcaea/Mazy Metroplex/::ref/Mazy Metroplex.jpg.webp
245,GENOCIDER,ジェノ,DJ Myosuke,390.0,1483,Tairitsu,WACCA,3.08,10.7,10.7,,,,,https://cdn.wikiwiki.jp/to/w/arcaea/GENOCIDER/::ref/GENOCIDER.jpg.webp
246,Sheriruth (Laur Remix),シェリミ,Laur,200.0,1134,Tairitsu,Memory Archive,3.08,10.0,10.6,,,,,https://cdn.wikiwiki.jp/to/w/arcaea/Sheriruth (Laur Remix)/::ref/Sheriruth (Laur Remix).jpg
247,緋纏いの宵,ひまといのよい,Freezer feat.妃苺,170.0,922,Tairitsu,Memory Archive,3.08,9.0,9.5,,,,,https://cdn.wikiwiki.jp/to/w/arcaea/%E7%B7%8B%E7%BA%8F%E3%81%84%E3%81%AE%E5%AE%B5/::ref/Evening%20in%20Scarlet.jpg.webp
248,blue comet,ぶるーこめっと,ああああ,172.0,776,Hikari,Extend Archive,3.08,8.0,8.2,,,,,https://cdn.wikiwiki.jp/to/w/arcaea/blue comet/::ref/blue comet.jpg.webp
249,ENERGY SYNERGY MATRIX,ESM,Tanchiky,160.0,922,Tairitsu,Extend Archive,3.08,9.0,9.6,,,,,https://cdn.wikiwiki.jp/to/w/arcaea/ENERGY SYNERGY MATRIX/::ref/ENERGY SYNERGY MATRIX.jpg.webp
250,G e n g a o z o,げんがおぞ,-45,153.0,1353,Tairitsu,Extend Archive,3.08,10.0,10.2,,,,,https://cdn.wikiwiki.jp/to/w/arcaea/G e n g a o z o/::ref/G e n g a o z o.jpg.webp
251,goldenslaughterer,ごーるでんすろーたらー,zts,133.0,1326,Tairitsu,Memory Archive,3.08,9.7,9.7,,,,,https://cdn.wikiwiki.jp/to/w/arcaea/goldenslaughterer/::ref/goldenslaughterer.jpg.webp
252,lastendconductor,らすてんどこんだくたー,zts,139.0,1209,Tairitsu,Memory Archive,3.08,9.0,9.4,,,,,https://cdn.wikiwiki.jp/to/w/arcaea/lastendconductor/::ref/lastendconductor.jpg.webp
253,Redolent Shape,れどれんとしぇいぷ,Sanaas,150.0,1088,Tairitsu,Memory Archive,3.08,10.0,10.2,,,,,https://cdn.wikiwiki.jp/to/w/arcaea/Redolent Shape/::ref/Redolent Shape.jpg.webp
254,Quon,わっかくおん,DJ Noriken,170.0,1044,Tairitsu,WACCA,3.08,,,,,10.0,10.2,https://cdn.wikiwiki.jp/to/w/arcaea/Quon%E3%80%90WACCA%E3%80%91/::ref/Quon.jpg.webp
255,lastendconductor,らすてんどこんだくたー,zts,139.0,1339,Tairitsu,Memory Archive,3.08,,,,,10.0,10.1,https://cdn.wikiwiki.jp/to/w/arcaea/lastendconductor/::ref/lastendconductor.jpg.webp
256,Cosmica,こずみか,Nhato,110.0,773,Tairitsu,Binary Enfold,3.09,8.7,8.8,,,,,https://cdn.wikiwiki.jp/to/w/arcaea/Cosmica/::ref/Cosmica.jpg.webp
257,Ascent,あせんと,TANUKI,145.0,1023,Hikari,Binary Enfold,3.09,9.7,9.8,,,,,https://cdn.wikiwiki.jp/to/w/arcaea/Ascent/::ref/Ascent.jpg.webp
258,Live Fast Die Young,LFDY,anubasu-anubasu,153.0,1292,Hikari,Binary Enfold,3.09,10.0,10.6,,,,,https://cdn.wikiwiki.jp/to/w/arcaea/Live Fast Die Young/::ref/Live Fast Die Young.jpg.webp
259,彩る夏の恋花火,恋花火,karatoPαnchii feat. はるの,160.0,1088,Hikari,Memory Archive,3.09,9.7,9.9,,,,,https://cdn.wikiwiki.jp/to/w/arcaea/%E5%BD%A9%E3%82%8B%E5%A4%8F%E3%81%AE%E6%81%8B%E8%8A%B1%E7%81%AB/::ref/Summer%20Fireworks%20of%20Love.jpg.webp
260,First Snow,ふぁーすとすのう,黒魔,88.0,578,Hikari,Divided Heart,3.1,7.7,7.7,,,,,https://cdn.wikiwiki.jp/to/w/arcaea/First Snow/::ref/First Snow.jpg.webp
261,Blue Rose,ぶるーろーず,Cosmograph,295.0,955,Hikari,Divided Heart,3.1,9.0,9.1,,,,,https://cdn.wikiwiki.jp/to/w/arcaea/Blue Rose/::ref/Blue Rose.jpg.webp
262,Blocked Library,ぶろっくとらいぶらりー,影虎。,148.0,850,Tairitsu,Divided Heart,3.1,9.0,9.3,,,,,https://cdn.wikiwiki.jp/to/w/arcaea/Blocked Library/::ref/Blocked Library.jpg.webp
263,nέο κόsmo,ねおこすも,ak+q × Street,190.0,979,Tairitsu,Divided Heart,3.1,9.7,9.7,,,,,https://cdn.wikiwiki.jp/to/w/arcaea/nέο κόsmo/::ref/nέο κόsmo.jpg.webp
264,Lightning Screw,らいとにんぐすくりゅー,HiTECH NINJA,190.0,1192,Hikari,Divided Heart,3.1,10.0,10.5,,,,,https://cdn.wikiwiki.jp/to/w/arcaea/Lightning Screw/::ref/Lightning Screw.jpg.webp
265,神奈川電脳暗渠,神奈川,南ゆに,180.0,1121,Hikari,Arcaea,3.1,,,,,9.7,9.8,https://cdn.wikiwiki.jp/to/w/arcaea/%E7%A5%9E%E5%A5%88%E5%B7%9D%E9%9B%BB%E8%84%B3%E6%9A%97%E6%B8%A0/::ref/Kanagawa%20Cyber%20Culvert-b.jpg.webp
266,qualia -ideaesthesia-,クアリア,nitro,144.0,1288,Tairitsu,Arcaea,3.1,,,,,9.7,9.7,https://cdn.wikiwiki.jp/to/w/arcaea/qualia%20-ideaesthesia-/::ref/qualia%20-ideaesthesia--b.jpg.webp
267,Antithese,あんちてーぜ,Blacklolita,172.0,968,Tairitsu,Absolute Reason,3.1,,,,,9.0,9.5,https://cdn.wikiwiki.jp/to/w/arcaea/Antithese/::ref/Antithese-b.jpg.webp
268,Heavensdoor,天門,LeaF,240.0,1534,Tairitsu,Adverse Prelude,3.1,,,,,10.7,10.8,https://cdn.wikiwiki.jp/to/w/arcaea/Heavensdoor/::ref/Heavensdoor-b.jpg.webp
269,PRAGMATISM -RESURRECTION-,プラリザ,Laur,174.0,1502,Hikari,Eternal Core,3.1,,,,,11.0,11.0,https://cdn.wikiwiki.jp/to/w/arcaea/PRAGMATISM/::ref/PRAGMATISM-b.jpg.webp
270,Lights of Muse,らいつおぶみゅーず,Ayaytsugu_Otowa,180.0,580,Hikari,Muse Dash,3.11,8.7,8.7,,,,,https://cdn.wikiwiki.jp/to/w/arcaea/Lights of Muse/::ref/Lights of Muse.jpg.webp
271,Final Step!,ふぁいなるすてっぷ,Lime,180.0,1056,Tairitsu,Muse Dash,3.11,9.0,9.4,,,,,https://cdn.wikiwiki.jp/to/w/arcaea/Final Step!/::ref/Final Step!.jpg.webp
272,秋の陽炎,あきのかげろう,karatoPannchii feat.はるの,180.0,1077,Hikari,Muse Dash,3.11,9.7,9.8,,,,,https://cdn.wikiwiki.jp/to/w/arcaea/%E7%A7%8B%E3%81%AE%E9%99%BD%E7%82%8E/::ref/Haze%20of%20Autumn.jpg.webp
273,Medusa,めでぅーさ,HiTECH NINJA,165.0,931,Tairitsu,Muse Dash,3.11,10.0,10.2,,,,,https://cdn.wikiwiki.jp/to/w/arcaea/Medusa/::ref/Medusa.jpg.webp
274,init(),いんいっと,kamome sano,180.0,1204,Tairitsu,Memory Archive,3.11,9.7,9.8,,,,,https://cdn.wikiwiki.jp/to/w/arcaea/init()/::ref/init().jpg.webp
275,Avril -Flicka i krans-,アエヴリルフリッカイクランス,Rigel Theatre,130.0,851,Hikari,Arcaea,3.12,8.0,8.3,,,,,https://cdn.wikiwiki.jp/to/w/arcaea/Ävril -Flicka i krans-/::ref/Ävril -Flicka i krans-.jpg.webp
276,Sakura Fubuki,さくらふぶき,Street,175.0,837,Hikari,Arcaea,3.12,9.0,9.3,,,,,https://cdn.wikiwiki.jp/to/w/arcaea/Sakura Fubuki/::ref/Sakura Fubuki.jpg.webp
277,NULCTRL,ぬるかとる,Silentroom,100.0,715,Tairitsu,Arcaea,3.12,9.0,9.5,,,,,https://cdn.wikiwiki.jp/to/w/arcaea/NULCTRL/::ref/NULCTRL.jpg.webp
278,INTERNET OVERDOSE,いんたーねっとおーばーどーず,Aiobahn feat. KOTOKO,163.0,657,Hikari,Memory Archive,3.12,8.0,8.4,,,,,https://cdn.wikiwiki.jp/to/w/arcaea/INTERNET OVERDOSE/::ref/INTERNET OVERDOSE.jpg.webp
279,Macrocosmic Modulation,まくろこずみっく,JAKAZiD,170.0,1117,Hikari,Memory Archive,3.12,9.7,9.8,,,,,https://cdn.wikiwiki.jp/to/w/arcaea/Macrocosmic Modulation/::ref/Macrocosmic Modulation.jpg.webp
280,Kissing Lucifer,キルルシ,ETIA.,170.0,1183,Tairitsu,Memory Archive,3.12,10.0,10.4,,,,,https://cdn.wikiwiki.jp/to/w/arcaea/Kissing Lucifer/::ref/Kissing Lucifer.jpg.webp
281,NEO WINGS,ねおうぃんぐす,SOUND HOLIC feat. Nana Takahashi,168.0,1328,Tairitsu,Memory Archive,3.12,10.0,10.2,,,,,https://cdn.wikiwiki.jp/to/w/arcaea/NEO WINGS/::ref/NEO WINGS.jpg.webp
282,Aurgelmir,あうるげるみあ,溝口ゆうま feat. 大瀬良あい,230.0,1100,Tairitsu,Memory Archive,3.12,10.0,10.5,,,,,https://cdn.wikiwiki.jp/to/w/arcaea/Aurgelmir/::ref/Aurgelmir.jpg.webp
283,DDD,でーでーでー,はがね,138.0,653,Hikari,Arcaea,3.12,8.0,8.5,,,,,https://cdn.wikiwiki.jp/to/w/arcaea/DDD/::ref/DDD.jpg.webp
284,Head BONK ache,へっどぼんくあちー,saaa ft. MC iwata Bros.,165.0,1061,Tairitsu,Arcaea,3.12,9.0,9.4,,,,,https://cdn.wikiwiki.jp/to/w/arcaea/Head BONK ache/::ref/Head BONK ache.jpg.webp
285,Prism,ぷりずむ,bermei.inazawa ft. Chata,109.0,785,Hikari,Lanota,3.12,8.0,8.0,,,,,https://cdn.wikiwiki.jp/to/w/arcaea/Prism/::ref/Prism.jpg.webp
286,Protoflicker,ぷろとふりっかー,Silentroom,140.0,1042,Tairitsu,Lanota,3.12,9.7,9.8,,,,,https://cdn.wikiwiki.jp/to/w/arcaea/Protoflicker/::ref/Protoflicker.jpg.webp
287,Stasis,すたーしす,Maozon,180.0,1521,Hikari,Lanota,3.12,10.7,10.7,,,,,https://cdn.wikiwiki.jp/to/w/arcaea/Stasis/::ref/Stasis.jpg.webp
288,ピコPico*とらんすれーしょんっ！,ぴこぴことらんすれーしょんっ,"t+pazolite,ななひら,Cranky,Pico*",185.0,1049,Tairitsu,Memory Archive,3.12,9.0,9.3,,,,,https://cdn.wikiwiki.jp/to/w/arcaea/%E3%83%94%E3%82%B3Pico%2A%E3%81%A8%E3%82%89%E3%82%93%E3%81%99%E3%82%8C%E3%83%BC%E3%81%97%E3%82%87%E3%82%93%E3%81%A3%EF%BC%81/::ref/PICO-Pico-Translation%21.jpg.webp
289,ネコノテ・カリタガール,ねこのてかりたがーる,Ino(chronoize),148.0,891,Hikari,Arcaea,3.12,9.0,9.2,,,,,https://cdn.wikiwiki.jp/to/w/arcaea/%E3%83%8D%E3%82%B3%E3%83%8E%E3%83%86%E3%83%BB%E3%82%AB%E3%83%AA%E3%82%BF%E3%82%AC%E3%83%BC%E3%83%AB/::ref/Dancin%27%20on%20A%20Cat%27s%20Paw.jpg.webp
290,μ,みゅー,Frums,190.0,1256,Hikari,Memory Archive,3.12,9.7,9.7,,,,,https://cdn.wikiwiki.jp/to/w/arcaea/μ/::ref/μ.jpg.webp
291,san skia,さんすきあ,ユアミトス,170.0,1046,Hikari,Arcaea,3.12,8.0,8.3,,,,,https://cdn.wikiwiki.jp/to/w/arcaea/san skia/::ref/san skia.jpg.webp
292,Ignotus Afterburn,いぐのたすあふたーばーん,Arcaea Sound Team,170.0,1077,Tairitsu,Arcaea,3.12,,,,,9.7,9.9,https://cdn.wikiwiki.jp/to/w/arcaea/Ignotus Afterburn/::ref/Ignotus Afterburn.jpg.webp
293,Red and Blue and Green,赤青緑,fn(ArcaeaSoundTeam),160.0,1194,Tairitsu,Arcaea,3.12,,,,,10.0,10.0,https://cdn.wikiwiki.jp/to/w/arcaea/Red and Blue and Green/::ref/Red and Blue and Green.jpg.webp
294,Singularity VVVIP,シンギュラ,Arcaea Sound Team against. ETIA.,175.0,1114,Tairitsu,Binary Enfold,3.12,,,,,10.0,10.4,https://cdn.wikiwiki.jp/to/w/arcaea/Singularity VVVIP/::ref/Singularity VVVIP.jpg.webp
295,overdead.,おばで,fn,500.0,1503,Tairitsu,Memory Archive,3.12,,,,,10.0,10.5,https://cdn.wikiwiki.jp/to/w/arcaea/overdead./::ref/overdead.jpg.webp
296,MERLIN,まーりん,REDALiCE,180.0,881,Hikari,Groove Coaster,3.12,,,,,9.0,9.4,https://cdn.wikiwiki.jp/to/w/arcaea/MERLIN/::ref/MERLIN.jpg.webp
297,OMAKENO Stroke,おまけの,t+pazolite,240.0,931,Tairitsu,Groove Coaster,3.12,,,,,10.0,10.2,https://cdn.wikiwiki.jp/to/w/arcaea/OMAKENO Stroke/::ref/OMAKENO Stroke.jpg.webp
298,Altair (feat. *spiLa*),あるたいあ,kamome sano & you,170.0,830,Hikari,Arcaea,4.0,8.0,8.3,,,,,https://cdn.wikiwiki.jp/to/w/arcaea/Altair%20%28feat.%20%2AspiLa%2A%29/::ref/Altair%20%28feat.%20%2AspiLa%2A%29.jpg.webp
299,無機質世界に彩を,むきしつせかいにいろどりを,MisomyL,155.0,886,Hikari,Arcaea,4.0,9.0,9.2,,,,,https://cdn.wikiwiki.jp/to/w/arcaea/%E7%84%A1%E6%A9%9F%E8%B3%AA%E4%B8%96%E7%95%8C%E3%81%AB%E5%BD%A9%E3%82%92/::ref/Redraw%20the%20Colorless%20World.jpg.webp
300,Trap Crow,とらっぷくろう,Puru,80.0,1074,Tairitsu,Arcaea,4.0,9.7,9.9,,,,,https://cdn.wikiwiki.jp/to/w/arcaea/Trap Crow/::ref/Trap Crow.jpg.webp
301,PUPA,ぴゅーぱ,モリモリあつし,202.0,1099,Tairitsu,Memory Archive,4.0,10.0,10.4,,,,,https://cdn.wikiwiki.jp/to/w/arcaea/PUPA/::ref/PUPA.jpg.webp
302,Defection,でぃふぃくしょん,TeddyLoid feat. DELTA,160.0,1141,Hikari,Final Verdict,4.0,9.7,9.8,,,,,https://cdn.wikiwiki.jp/to/w/arcaea/Defection/::ref/Defection.jpg.webp
303,"Infinite Strife,",インフィニット,BlackYooh vs. siromaru,198.0,1511,Tairitsu,Final Verdict,4.0,9.7,9.9,,,,,https://cdn.wikiwiki.jp/to/w/arcaea/Infinite%20Strife%2C/::ref/Infinite%20Strife.jpg.webp
304,魔王,まおう,sasakure.UK × TJ.hangneil,280.0,1225,Hikari,Final Verdict,4.0,9.7,9.9,,,,,https://cdn.wikiwiki.jp/to/w/arcaea/%E9%AD%94%E7%8E%8B/::ref/World%20Ender.jpg.webp
305,Pentiment,ペンチ,Noting But Requiem with Museo,222.0,1345,Tairitsu,Final Verdict,4.0,10.0,10.3,,,,,https://cdn.wikiwiki.jp/to/w/arcaea/Pentiment/::ref/Pentiment.jpg.webp
306,Arcana Eden,アルカナ,Team Grimoire vs Sakuzyo,211.0,1792,Tairitsu,Final Verdict,4.0,10.0,10.5,,,,,https://cdn.wikiwiki.jp/to/w/arcaea/Arcana Eden/::ref/Arcana Eden.jpg.webp
307,Testify,てすてぃふぁい,Void (Mournfinale) feat. 星熊南巫,178.0,1766,,Final Verdict,4.0,10.7,10.8,,,,,https://cdn.wikiwiki.jp/to/w/arcaea/Testify/::ref/Testify.jpg.webp
308,Loveless Dress,らぶれすどれす,かねこちはる,99.0,850,,Silent Answer,4.0,9.0,9.6,,,,,https://cdn.wikiwiki.jp/to/w/arcaea/Loveless Dress/::ref/Loveless Dress.jpg.webp
309,Last,らすと,onoken,175.0,831,,Silent Answer,4.0,9.0,9.0,,,,,https://cdn.wikiwiki.jp/to/w/arcaea/Last/::ref/Last.jpg.webp
310,Callima Karma,かりまかるま,t+pazolite vs Feryquitous,95.0,1222,,Silent Answer,4.0,9.7,9.8,,,,,https://cdn.wikiwiki.jp/to/w/arcaea/Callima Karma/::ref/Callima Karma.jpg.webp
311,"Infinite Strife,",インフィニット,BlackYooh vs. siromaru,198.0,1633,Tairitsu,Final Verdict,4.0,,,,,10.7,10.9,https://cdn.wikiwiki.jp/to/w/arcaea/Infinite%20Strife%2C/::ref/Infinite%20Strife.jpg.webp
312,魔王,まおう,sasakure.UK × TJ.hangneil,280.0,1661,Hikari,Final Verdict,4.0,,,,,11.0,11.2,https://cdn.wikiwiki.jp/to/w/arcaea/%E9%AD%94%E7%8E%8B/::ref/World%20Ender.jpg.webp
313,Pentiment,ペンチ,Noting But Requiem with Museo,222.0,1741,Tairitsu,Final Verdict,4.0,,,,,11.0,11.4,https://cdn.wikiwiki.jp/to/w/arcaea/Pentiment/::ref/Pentiment.jpg.webp
314,Arcana Eden,アルカナ,Team Grimoire vs sakuzyo vs Laur,211.0,2134,Tairitsu,Final Verdict,4.0,,,,,11.0,11.4,https://cdn.wikiwiki.jp/to/w/arcaea/Arcana Eden/::ref/Arcana Eden.jpg.webp
315,Testify,てすてぃふぁい,Void (Mournfinale) feat. 星熊南巫,178.0,2221,,Final Verdict,4.0,,,,,12.0,12.0,https://cdn.wikiwiki.jp/to/w/arcaea/Testify/::ref/Testify.jpg.webp
316,Last|Moment,らすともーめんと,onoken,175.0,888,,Final Verdict,4.0,,,,,9.0,9.6,https://cdn.wikiwiki.jp/to/w/arcaea/Last/::ref/Last_Moment.jpg.webp
317,Last|Eternity,らすとえたーにてぃ,onoken,175.0,790,,Final Verdict,4.0,,,,,9.7,,https://cdn.wikiwiki.jp/to/w/arcaea/Last/::ref/Last_Eternity.jpg.webp
318,心,こころ,削除 (Violin：Katali),80.0,872,Hikari,O.N.G.E.K.I,4.01,9.0,9.3,,,,,https://cdn.wikiwiki.jp/to/w/arcaea/%E5%BF%83/::ref/Heart.jpg.webp
319,Ai Drew,あいどりゅう,Feryquitous,175.0,1066,Tairitsu,O.N.G.E.K.I,4.01,9.7,9.8,,,,,https://cdn.wikiwiki.jp/to/w/arcaea/Ai Drew/::ref/Ai Drew.jpg.webp
320,FLUFFY FLASH,ふるふら,Kobaryo,252.0,1329,Hikari,O.N.G.E.K.I,4.01,9.7,9.8,,,,,https://cdn.wikiwiki.jp/to/w/arcaea/FLUFFY FLASH/::ref/FLUFFY FLASH.jpg.webp
321,"Good bye, Merry-Go-Round. ",メリゴ,Yooh,185.0,1084,Tairitsu,O.N.G.E.K.I,4.01,10.0,10.5,,,,,https://cdn.wikiwiki.jp/to/w/arcaea/Good%20bye%2C%20Merry-Go-Round./::ref/Good%20bye%2C%20Merry-Go-Round.jpg.webp
322,LAMIA,らみあ,BlackY,199.0,1385,Tairitsu,O.N.G.E.K.I,4.01,10.7,10.9,,,,,https://cdn.wikiwiki.jp/to/w/arcaea/LAMIA/::ref/LAMIA.jpg.webp
323,Free Myself,ふりーまいせるふ,lapix feat. mami,153.0,1132,Hikari,Memory Archive,4.01,10.0,10.0,,,,,https://cdn.wikiwiki.jp/to/w/arcaea/Free Myself/::ref/Free Myself.jpg.webp
324,cocoro*cosmetic,こころこすめてぃっく,KOTONOHOUSE,144.0,1025,Hikari,Memory Archive,4.01,9.0,9.2,,,,,https://cdn.wikiwiki.jp/to/w/arcaea/cocoro%2Acosmetic/::ref/cocoro_cosmetic.jpg.webp
325,Capella,かぺら,ARForest,210.0,1159,Hikari,Memory Archive,4.01,10.0,10.2,,,,,https://cdn.wikiwiki.jp/to/w/arcaea/Capella/::ref/Capella.jpg.webp
326,だいあるのーと,だいあるのーと,七草くりむ,130.0,684,Hikari,Arcaea,4.01,8.7,8.8,,,,,https://cdn.wikiwiki.jp/to/w/arcaea/%E3%81%A0%E3%81%84%E3%81%82%E3%82%8B%E3%81%AE%E3%83%BC%E3%81%A8/::ref/Dialnote.jpg.webp
327,FREEF4LL,ふりーふぉーる,YUKIYANAGI,170.0,1336,Tairitsu,Arcaea,4.01,,,,,9.7,9.8,https://cdn.wikiwiki.jp/to/w/arcaea/FREEF4LL/::ref/FREEF4LL-b.jpg.webp
328,Party Vinyl,パーティヴァイナル,モリモリあつし,132.0,946,Hikari,Crimson Solace,4.01,,,,,10.0,10.1,https://cdn.wikiwiki.jp/to/w/arcaea/Party%20Vinyl/::ref/Party%20Vinyl-b.jpg.webp
329,月に叢雲華に風,つきにむらくも,幽閉サテライト,160.0,740,Tairitsu,World Extend,4.02,8.7,8.7,,,,,https://cdn.wikiwiki.jp/to/w/arcaea/%E6%9C%88%E3%81%AB%E5%8F%A2%E9%9B%B2%E8%8F%AF%E3%81%AB%E9%A2%A8/::ref/Tsuki%20ni%20Murakumo.jpg.webp
330,MANTIS (Arcaea Ultra-Bloodrush VIP),まんてぃす,Akira Complex feat. Kiraku,135.0,1014,Tairitsu,World Extend,4.02,9.0,9.3,,,,,https://cdn.wikiwiki.jp/to/w/arcaea/MANTIS (Arcaea Ultra-Bloodrush VIP)/::ref/MANTIS (Arcaea Ultra-Bloodrush VIP).jpg.webp
331,World Fragments III(radio edit),わーるどふらぐめんと,xi,200.0,1387,Hikari,World Extend,4.02,9.7,9.8,,,,,https://cdn.wikiwiki.jp/to/w/arcaea/World Fragments III(radio edit)/::ref/World Fragments III(radio edit).jpg.webp
332,Astra walkthrough,アストラ,paraoka,225.0,1191,Tairitsu,World Extend,4.02,9.7,9.9,,,,,https://cdn.wikiwiki.jp/to/w/arcaea/Astra walkthrough/::ref/Astra walkthrough.jpg.webp
333,Chronicle,くろにくる,Lime,221.0,1264,Hikari,World Extend,4.02,10.0,10.4,,,,,https://cdn.wikiwiki.jp/to/w/arcaea/Chronicle/::ref/Chronicle.jpg.webp
334,NULL APOPHENIA,ぬるあぽ,N2,177.0,1299,Tairitsu,Memory Archive,4.02,10.0,10.6,,,,,https://cdn.wikiwiki.jp/to/w/arcaea/NULL APOPHENIA/::ref/NULL APOPHENIA.jpg.webp
335,Crimson Throne,クリムゾン,Dimier√Lisb,210.0,1313,Tairitsu,Memory Archive,4.03,10.0,10.4,,,,,https://cdn.wikiwiki.jp/to/w/arcaea/Crimson Throne/::ref/Crimson Throne.jpg.webp
336,Manic Jeer,マニック,ルゼ,195.0,1286,Tairitsu,Memory Archive,4.03,10.0,10.6,,,,,https://cdn.wikiwiki.jp/to/w/arcaea/Manic Jeer/::ref/Manic Jeer.jpg.webp
337,緋色月下、狂咲ノ絶 (nayuta 2017 ver.),緋色月下,nayuta x 黒鳥(EastNewSound),150.0,1126,Tairitsu,Memory Archive,4.03,10.0,10.3,,,,,https://cdn.wikiwiki.jp/to/w/arcaea/%E7%B7%8B%E8%89%B2%E6%9C%88%E4%B8%8B%E3%80%81%E7%8B%82%E5%92%B2%E3%83%8E%E7%B5%B6%20%28nayuta%202017%20ver.%29/::ref/Hiiro%20Gekka%2C%20Kyoushou%20no%20Zetsu%20%28nayuta%202017%20ver.%29.jpg.webp
338,Let's Rock (Arcaea mix),れっつろっく,ikaruga nex vs FALCHiON,210.0,1177,Tairitsu,World Extend,4.03,9.7,9.7,,,,,https://cdn.wikiwiki.jp/to/w/arcaea/Let's Rock (Arcaea mix)/::ref/Let's Rock (Arcaea mix).jpg.webp
339,CYCLES,さいくるず,Masayoshi Minoshima feat. 綾倉盟,135.0,695,Hikari,maimai,4.03,8.7,8.8,,,,,https://cdn.wikiwiki.jp/to/w/arcaea/CYCLES/::ref/CYCLES.jpg
340,MAXRAGE,まっくすれいじ,EBIMAYO,222.0,1184,Tairitsu,maimai,4.03,9.7,9.9,,,,,https://cdn.wikiwiki.jp/to/w/arcaea/MAXRAGE/::ref/MAXRAGE.jpg.webp
341,[X],インフィニティー,Blacklolita,180.0,1190,Tairitsu,maimai,4.03,10.0,10.4,,,,,https://cdn.wikiwiki.jp/to/w/arcaea/%EF%BC%BBX%EF%BC%BD/::ref/%5BX%5D.jpg.webp
342,TEmPTaTiON,テンプテ,かねこちはる,160.0,1099,Hikari,maimai,4.03,10.7,10.9,,,,,https://cdn.wikiwiki.jp/to/w/arcaea/TEmPTaTiON/::ref/TEmPTaTiON.jpg.webp
343,PRIMITIVE LIGHTS,プリライ,TAG,205.0,1524,Hikari,Memory Archive,4.03,10.7,10.7,,,,,https://cdn.wikiwiki.jp/to/w/arcaea/PRIMITIVE LIGHTS/::ref/PRIMITIVE LIGHTS.jpg.webp
344,妖艶魔女 -trappola bewitching-,妖艶,gmtn.,190.0,1086,Tairitsu,Vicious Labyrinth,4.03,,,,,10.0,10.5,https://cdn.wikiwiki.jp/to/w/arcaea/%E5%A6%96%E8%89%B6%E9%AD%94%E5%A5%B3%20-trappola%20bewitching-/::ref/trappola%20bewitching-b.jpg.webp
345,Shades of Light in a Transcendent Realm,さですおぶらいといんとらんせんでんとれるむ,ak+q,170.0,1042,Hikari,Arcaea,4.03,,,,,9.0,9.0,https://cdn.wikiwiki.jp/to/w/arcaea/Shades%20of%20Light%20in%20a%20Transcendent%20Realm/::ref/Shades%20of%20Light%20in%20a%20Transcendent%20Realm-b.jpg.webp
346,コスモポップファンクラブ,こすもぽっぷふぁんくらぶ,ナユタン星人,129.0,809,Hikari,CHUNITHM,4.04,8.7,8.8,,,,,https://cdn.wikiwiki.jp/to/w/arcaea/%E3%82%B3%E3%82%B9%E3%83%A2%E3%83%9D%E3%83%83%E3%83%97%E3%83%95%E3%82%A1%E3%83%B3%E3%82%AF%E3%83%A9%E3%83%96/::ref/Cosmo%20Pop%20Funclub.jpg.webp
347,IMPACT,いんぱくと,USAO feat. 光吉猛修,210.0,1231,Hikari,CHUNITHM,4.04,9.0,9.6,,,,,https://cdn.wikiwiki.jp/to/w/arcaea/IMPACT/::ref/IMPACT.jpg.webp
348,Genesis,ウニジェネシス,Morringan feat.Lily,150.0,867,Tairitsu,CHUNITHM,4.04,9.7,9.9,,,,,https://cdn.wikiwiki.jp/to/w/arcaea/Genesis%E3%80%90CHUNITHM%E3%80%91/::ref/Genesis.jpg.webp
349,Trrrickstars!!,トリスタ,s-don vs 翡乃イスカ,155.0,1183,Tairitsu,CHUNITHM,4.04,10.0,10.1,,,,,https://cdn.wikiwiki.jp/to/w/arcaea/Trrricksters!!/::ref/Trrricksters!!.jpg.webp
350,蜘蛛の糸,くものいと,きくお×cosMo@暴走P feat.影縫英,180.0,1203,Tairitsu,CHUNITHM,4.04,10.7,10.8,,,,,https://cdn.wikiwiki.jp/to/w/arcaea/%E8%9C%98%E8%9B%9B%E3%81%AE%E7%B3%B8/::ref/Spider%27s%20Thread.jpg.webp
351,Lost Emotion feat. nomico,ろすとえもーしょん,Masayoshi Minoshima(ALR),172.0,1123,Hikari,World Extend,4.04,9.0,9.3,,,,,https://cdn.wikiwiki.jp/to/w/arcaea/Lost Emotion feat. nomico/::ref/Lost Emotion feat. nomico.jpg.webp
352,GIMMICK,ぎみっく,Ms.Sill,143.0,733,Tairitsu,World Extend,4.04,9.0,9.5,,,,,https://cdn.wikiwiki.jp/to/w/arcaea/GIMMICK/::ref/GIMMICK.jpg
353,The Survivor (Game Edit),ざさばいばー,Taishi,132.0,1100,Tairitsu,Memory Archive,4.04,9.7,9.9,,,,,https://cdn.wikiwiki.jp/to/w/arcaea/The Survivor (Game Edit)/::ref/The Survivor (Game Edit).jpg.webp
354,New York Back Raise,ニューヨーク,saaa + kei_iwata + stuv + わかどり,160.0,1091,Tairitsu,Memory Archive,4.04,9.7,9.9,,,,,https://cdn.wikiwiki.jp/to/w/arcaea/New York Back Raise/::ref/New York Back Raise.jpg.webp
355,Galactic Love,ぎゃらくてぃっくらぶ,La priere,145.0,813,Hikari,Memory Archive,4.04,9.0,9.0,,,,,https://cdn.wikiwiki.jp/to/w/arcaea/Galactic Love/::ref/Galactic Love.jpg.webp
356,無法地点,むほうちてん,La priere,148.0,838,Hikari,World Extend,4.04,9.0,9.0,,,,,https://cdn.wikiwiki.jp/to/w/arcaea/%E7%84%A1%E6%B3%95%E5%9C%B0%E7%82%B9/::ref/Lawless%20Point.jpg.webp
357,Lost in the Abyss,ろすといんざあびす,FELT,183.0,1179,Tairitsu,Memory Archive,4.04,9.7,9.7,,,,,https://cdn.wikiwiki.jp/to/w/arcaea/Lost in the Abyss/::ref/Lost in the Abyss.jpg.webp
358,ヒュブリスの頂に聳えるのは,ヒュブリス,qfeileadh feat.のあ,158.0,1196,Tairitsu,World Extend,4.04,9.7,9.8,,,,,https://cdn.wikiwiki.jp/to/w/arcaea/%E3%83%92%E3%83%A5%E3%83%96%E3%83%AA%E3%82%B9%E3%81%AE%E9%A0%82%E3%81%AB%E8%81%B3%E3%81%88%E3%82%8B%E3%81%AE%E3%81%AF/::ref/Hybris%20%28The%20one%20who%20shattered%29.jpg.webp
359,To the Milky Way,天の川,黒魔,186.0,1392,Hikari,Memory Archive,4.04,10.0,10.5,,,,,https://cdn.wikiwiki.jp/to/w/arcaea/To the Milky Way/::ref/To the Milky Way.jpg.webp
360,Teriqma,てりくま,owl*tree,128.0,954,Tairitsu,Memory Archive,4.04,,,,,9.7,9.7,https://cdn.wikiwiki.jp/to/w/arcaea/Teriqma/::ref/Teriqma.jpg.webp
361,IMPACT,いんぱくと,USAO feat. 光吉猛修,210.0,1392,Hikari,CHUNITHM,4.04,,,,,10.0,10.4,https://cdn.wikiwiki.jp/to/w/arcaea/IMPACT/::ref/IMPACT.jpg.webp
362,INTERNET YAMERO,いんたーねっとやめろ,Aiobahn feat. KOTOKO,185.0,1222,Tairitsu,Memory Archive,4.05,9.7,9.9,,,,,https://cdn.wikiwiki.jp/to/w/arcaea/INTERNET YAMERO/::ref/INTERNET YAMERO.jpg.webp
363,Bullet Waiting for Me (James Landino remix),ばれっとうぇいてぃんぐふぉーみー,Nikki Simmons,107.0,701,Hikari,Cytus II,4.05,8.0,8.1,,,,,https://cdn.wikiwiki.jp/to/w/arcaea/Bullet Waiting for Me (James Landino remix)/::ref/Bullet Waiting for Me (James Landino remix).jpg.webp
364,Devillic Sphere,デビリック,3R2,160.0,1129,Tairitsu,Cytus II,4.05,9.7,9.9,,,,,https://cdn.wikiwiki.jp/to/w/arcaea/Devillic Sphere/::ref/Devillic Sphere.jpg.webp
365,Lucid Traveler,るしっど,Akira Complex vs 3R2,200.0,1341,Tairitsu,Cytus II,4.05,10.0,10.4,,,,,https://cdn.wikiwiki.jp/to/w/arcaea/Lucid%20Traveler/::ref/Lucid%20Traveler_FTR.jpg.webp
366,CHAOS,かおす,AEsir,150.0,1369,Tairitsu,Cytus II,4.05,10.7,10.9,,,,,https://cdn.wikiwiki.jp/to/w/arcaea/CHAOS/::ref/CHAOS.jpg.webp
367,Used to be,ゆーずととぅーびー,KIVA,140.0,799,Hikari,Cytus II,4.05,9.0,9.2,,,,,https://cdn.wikiwiki.jp/to/w/arcaea/Used to be/::ref/Used to be.jpg.webp
368,Ultimate taste,あるてめっとていすと,ぱらどっと,200.0,1405,Hikari,World Extend,4.06,9.7,9.7,,,,,https://cdn.wikiwiki.jp/to/w/arcaea/Ultimate taste/::ref/Ultimate taste.jpg.webp
369,syuten,しゅうてん,"Apo11o""COLLAPSAR"" program ft. 大瀬良あい",96.0,592,Hikari,Cytus II,4.06,8.0,8.5,,,,,https://cdn.wikiwiki.jp/to/w/arcaea/syūten/::ref/syūten.jpg.webp
370,DRG,でぃーあーるじー,onoken,155.0,872,Hikari,Cytus II,4.06,9.0,9.5,,,,,https://cdn.wikiwiki.jp/to/w/arcaea/DRG/::ref/DRG.jpg.webp
371,99 Glooms,きゅうじゅうきゅうぐるーもす,Sta,185.0,1294,Tairitsu,Cytus II,4.06,10.0,10.3,,,,,https://cdn.wikiwiki.jp/to/w/arcaea/99 Glooms/::ref/99 Glooms.jpg.webp
372,II,つー,Cytus,150.0,1051,Tairitsu,Cytus II,4.06,10.7,10.8,,,,,https://cdn.wikiwiki.jp/to/w/arcaea/Ⅱ/::ref/Ⅱ.jpg.webp
373,Magnolia,まぐのりあ,M2U Vocal by Guriri,160.0,895,Hikari,Cytus II,4.06,10.0,10.2,,,,,https://cdn.wikiwiki.jp/to/w/arcaea/Magnolia/::ref/Magnolia.jpg.webp
374,SACRIFICE feat. ayame,さくりふぁいす,Masayoshi Minoshima(ALR),180.0,958,Tairitsu,Memory Archive,4.07,9.7,9.7,,,,,https://cdn.wikiwiki.jp/to/w/arcaea/SACRIFICE feat. ayame/::ref/SACRIFICE feat. ayame.jpg.webp
375,RGB,あーるじーびー,MEMODEMO X AQUASINE,163.0,1131,Hikari,World Extend,4.07,9.7,9.7,,,,,https://cdn.wikiwiki.jp/to/w/arcaea/RGB/::ref/RGB.jpg.webp
376,WAIT FOR DAWN,うぇいとふぉーだうん,U-ske feat. 棗いつき,188.0,861,Hikari,Lasting Eden,4.07,8.7,8.7,,,,,https://cdn.wikiwiki.jp/to/w/arcaea/WAIT FOR DAWN/::ref/WAIT FOR DAWN.jpg.webp
377,レイヴンズ・プライド,れいヴんずぷらいど,みーに feat. はらもりよしな,165.0,1030,Tairitsu,Lasting Eden,4.07,9.0,9.4,,,,,https://cdn.wikiwiki.jp/to/w/arcaea/%E3%83%AC%E3%82%A4%E3%83%B4%E3%83%B3%E3%82%BA%E3%83%BB%E3%83%97%E3%83%A9%E3%82%A4%E3%83%89/::ref/Raven%27s%20Pride.jpg.webp
378,Rise of the World,らいずおぶざわーるど,cosMo@暴走P,212.0,1176,Hikari,Lasting Eden,4.07,10.0,10.4,,,,,https://cdn.wikiwiki.jp/to/w/arcaea/Rise of the World/::ref/Rise of the World.jpg.webp
379,UNKNOWN LEVELS,あんのうんれべるず,Yuta Imai,165.0,1149,Tairitsu,Lasting Eden,4.07,10.0,10.6,,,,,https://cdn.wikiwiki.jp/to/w/arcaea/UNKNOWN LEVELS/::ref/UNKNOWN LEVELS.jpg.webp
380,Abstruse Dilenmma,ジレンマ,Ashrount vs. 打打だいず,216.0,1467,Hikari,Lasting Eden,4.07,11.0,11.1,,,,,https://cdn.wikiwiki.jp/to/w/arcaea/Abstruse Dilemma/::ref/Abstruse Dilemma.jpg.webp
381,感情の摩天楼 ～Arr.Demetori,摩天楼,Demetori,178.0,1294,Tairitsu,World Extend,4.07,9.7,9.8,,,,,https://cdn.wikiwiki.jp/to/w/arcaea/%E6%84%9F%E6%83%85%E3%81%AE%E6%91%A9%E5%A4%A9%E6%A5%BC%20%EF%BD%9EArr.Demetori/::ref/Kanjou%20no%20matenrou%20%EF%BD%9EArr.Demetori.jpg.webp
382,彼方の夢へと,かなたのゆめへと,ii/night feat. 綺良雪,183.0,1102,,Memory Archive,4.07,9.7,9.8,,,,,https://cdn.wikiwiki.jp/to/w/arcaea/%E5%BD%BC%E6%96%B9%E3%81%AE%E5%A4%A2%E3%81%B8%E3%81%A8/::ref/To%20the%20Furthest%20Dream.jpg.webp
383,Remind the Souls (Short Version),りまいんどざそうる,Nhato,130.0,945,Hikari,Arcaea,5.0,9.0,9.5,,,,,https://cdn.wikiwiki.jp/to/w/arcaea/Remind the Souls (Short Version)/::ref/Remind the Souls (Short Version).jpg.webp
384,Dynitikos,だいにてぃこす,Prower,180.0,986,Tairitsu,World Extend,5.0,9.0,9.5,,,,,https://cdn.wikiwiki.jp/to/w/arcaea/Dynitikós/::ref/Dynitikós.jpg.webp
385,雨神楽,あまかぐら,荒谷サトル,105.0,1076,Hikari,World Extend,5.0,9.7,9.9,,,,,https://cdn.wikiwiki.jp/to/w/arcaea/%E9%9B%A8%E7%A5%9E%E6%A5%BD/::ref/Amekagura.jpg.webp
386,B.B.K.K.B.K.K.,ベースキック,nora2r,170.0,976,Tairitsu,Memory Archive,5.0,9.7,9.7,,,,,https://cdn.wikiwiki.jp/to/w/arcaea/B.B.K.K.B.K.K./::ref/B.B.K.K.B.K.K..jpg
387,Primeval Texture,ぷりめばるてくすちゃー,くるぶっこちゃん,120.0,810,Tairitsu,Severed Eden,5.0,9.0,9.0,,,,,https://cdn.wikiwiki.jp/to/w/arcaea/Primeval Texture/::ref/Primeval Texture.jpg.webp
388,Technicolour,てくにからー,Maozon,175.0,1140,Hikari,Severed Eden,5.0,9.7,9.8,,,,,https://cdn.wikiwiki.jp/to/w/arcaea/Technicolour/::ref/Technicolour.jpg.webp
389,Logos,ろごす,polysha feat. 高城みよ,189.0,1040,Tairitsu,Severed Eden,5.0,10.0,10.1,,,,,https://cdn.wikiwiki.jp/to/w/arcaea/Logos/::ref/Logos.jpg.webp
390,Ego Eimi,えごえいみ,BlackY feat. Risa Yuzuki,178.0,1223,Tairitsu,Severed Eden,5.0,10.0,10.5,,,,,https://cdn.wikiwiki.jp/to/w/arcaea/Ego Eimi/::ref/Ego Eimi.jpg.webp
391,Arghena,アゲナ,Feryquitous vs Laur,185.0,1444,Tairitsu,Severed Eden,5.0,11.0,11.3,,,,,https://cdn.wikiwiki.jp/to/w/arcaea/Arghena/::ref/Arghena.jpg.webp
392,FANTA5Y,ふぁいんたじー,Moon Jelly & YUKIYANAGI,170.0,965,Hikari,World Extend,5.01,9.0,9.4,,,,,https://cdn.wikiwiki.jp/to/w/arcaea/FANTA5Y/::ref/FANTA5Y.jpg.webp
393,Transient Space,とらんせんとすぺーす,"sleepless, Gardens, aspect",132.0,805,Tairitsu,Severed Eden,5.01,9.0,9.5,,,,,https://cdn.wikiwiki.jp/to/w/arcaea/Transient Space/::ref/Transient Space.jpg.webp
394,Nameless Passion,ねーむれすぱっしょん,天束 feat.Sennzai,200.0,1223,Tairitsu,Severed Eden,5.01,9.7,9.9,,,,,https://cdn.wikiwiki.jp/to/w/arcaea/Nameless Passion/::ref/Nameless Passion.jpg.webp
395,TeraVolt,てらぼると,Katali,154.0,1008,Tairitsu,Severed Eden,5.01,10.7,10.9,,,,,https://cdn.wikiwiki.jp/to/w/arcaea/TeraVolt/::ref/TeraVolt.jpg.webp
396,Stratoliner,ストラトライナー,C-Show,175.0,877,Tairitsu,WACCA,5.02,9.0,9.6,,,,,https://cdn.wikiwiki.jp/to/w/arcaea/Stratoliner/::ref/Stratoliner.jpg.webp
397,Ouverture,おーばーとぅるー,USAO & DJ Genki feat. ルーン(CV:河瀬茉希),200.0,913,Tairitsu,WACCA,5.02,9.7,9.8,,,,,https://cdn.wikiwiki.jp/to/w/arcaea/Ouvertüre/::ref/Ouvertüre.jpg.webp
398,XTREME,エクストリーム,USAO,205.0,1258,Tairitsu,WACCA,5.02,10.0,10.5,,,,,https://cdn.wikiwiki.jp/to/w/arcaea/XTREME/::ref/XTREME.jpg.webp
399,eden,エデン,"”漆黒”の堕天使《Gram》♰Versus♰""聖刻""の熾天使《Gram》",246.0,1365,Tairitsu,WACCA,5.02,10.0,10.5,,,,,https://cdn.wikiwiki.jp/to/w/arcaea/eden/::ref/eden.jpg.webp
400,Meta-Mysteria,メタミス,DJ Noriken,205.0,1309,Hikari,WACCA,5.02,10.7,10.8,,,,,https://cdn.wikiwiki.jp/to/w/arcaea/Meta-Mysteria/::ref/Meta-Mysteria.jpg.webp
401,アローンアンドローン,アローン,Ponchi♪ feat.はぁち,100.0,970,Hikari,World Extend,5.02,9.0,9.6,,,,,https://cdn.wikiwiki.jp/to/w/arcaea/%E3%82%A2%E3%83%AD%E3%83%BC%E3%83%B3%E3%82%A2%E3%83%B3%E3%83%89%E3%83%AD%E3%83%BC%E3%83%B3/::ref/Alone%20%26%20Lorn.jpg.webp
402,Wish Upon a Snow,願い雪,打打だいず,218.0,1309,Hikari,Memory Archive,5.02,10.0,10.5,,,,,https://cdn.wikiwiki.jp/to/w/arcaea/Wish Upon a Snow/::ref/Wish Upon a Snow.jpg.webp
403,患部で止まってすぐ溶ける　～狂気の優曇華院,患部,ARM＋夕野ヨシミ(IOSYS) feat. Miko,200.0,1108,Hikari,Memory Archive,5.02,10.0,10.0,,,,,https://cdn.wikiwiki.jp/to/w/arcaea/%E6%82%A3%E9%83%A8%E3%81%A7%E6%AD%A2%E3%81%BE%E3%81%A3%E3%81%A6%E3%81%99%E3%81%90%E6%BA%B6%E3%81%91%E3%82%8B%E3%80%80%EF%BD%9E%20%E7%8B%82%E6%B0%97%E3%81%AE%E5%84%AA%E6%9B%87%E8%8F%AF%E9%99%A2/::ref/Kanbu%20de%20Tomatte%20Sugu%20Tokeru.jpg.webp
404,felys final remix,ふぇりみ,onoken,180.0,1130,Tairitsu,World Extend,5.02,9.0,9.5,,,,,https://cdn.wikiwiki.jp/to/w/arcaea/felys final remix/::ref/felys final remix.jpg.webp
405,On And On!! Feat. Jenga,OAO,ETIA.,170.0,836,Hikari,World Extend,5.02,9.0,9.5,,,,,https://cdn.wikiwiki.jp/to/w/arcaea/On And On!! feat. Jenga/::ref/On And On!! feat. Jenga.jpg.webp
406,LIVHT MY WΔY,,かめりあ feat. STΔRLIVHT,190.0,954,Tairitsu,Memory Archive,5.02,9.7,9.8,,,,,https://cdn.wikiwiki.jp/to/w/arcaea/LIVHT%20MY%20W%E2%80%8B%CE%94%E2%80%8BY/::ref/LIVHT%20MY%20W%E2%80%8B%CE%94%E2%80%8BY.jpg.webp
407,蛍火の雪,蛍火,Endorfin.,159.0,991,Hikari,Sunset Radiance,5.02,9.7,9.7,,,,,https://cdn.wikiwiki.jp/to/w/arcaea/%E8%9B%8D%E7%81%AB%E3%81%AE%E9%9B%AA/::ref/Hotarubi%20no%20Yuki.jpg.webp
408,The Formula,,Junk,144.0,957,Hikari,Arcaea,5.03,9.0,9.3,,,,,https://cdn.wikiwiki.jp/to/w/arcaea/The Formula/::ref/The Formula.jpg.webp
409,Luna Rossa,,r0y,174.0,920,Tairitsu,Memory Archive,5.03,9.7,9.7,,,,,https://cdn.wikiwiki.jp/to/w/arcaea/Luna Rossa/::ref/Luna Rossa.jpg.webp
410,inkar-usi,いんかるし,DIA,102.0,857,Hikari,Arcaea,5.03,,,,,9.0,9.4,https://cdn.wikiwiki.jp/to/w/arcaea/inkar-usi/::ref/inkar-usi-b.jpg.webp
411,Oblivia,おぶりびあ,Saiph,180.0,1021,Hikari,Arcaea,5.03,,,,,9.7,9.7,https://cdn.wikiwiki.jp/to/w/arcaea/Oblivia/::ref/Oblivia-b.jpg.webp
412,Cybernecia Catharsis,サイバネシア,Tanchiky,184.0,991,Tairitsu,Arcaea,5.03,,,,,9.7,9.8,https://cdn.wikiwiki.jp/to/w/arcaea/Cybernecia%20Catharsis/::ref/Cybernecia%20Catharsis-b.jpg.webp
413,Libertas,りべるたす,Zekk,184.0,1048,Hikari,Memory Archive,5.03,,,,,10.0,10.5,https://cdn.wikiwiki.jp/to/w/arcaea/Libertas/::ref/Libertas-b.jpg.webp
414,Purple Verse,ぱーぷるばーす,Hommarju,170.0,1202,Tairitsu,Arcaea,5.03,,,,,10.0,10.6,https://cdn.wikiwiki.jp/to/w/arcaea/Purple%20Verse/::ref/Purple%20Verse-b.jpg.webp
415,Einherjar Joker,えいんへりあるじょーかー,DJ Genki vs Gram,222.0,1857,Tairitsu,Memory Archive,5.03,,,,,10.7,10.9,https://cdn.wikiwiki.jp/to/w/arcaea/Einherjar%20Joker/::ref/Einherjar%20Joker-b.jpg.webp
416,Vicious [ANTi] Heroism,ヴィシャスアンチ,Kobaryo,271.0,1772,Tairitsu,Absolute Reason,5.03,,,,,11.0,11.1,https://cdn.wikiwiki.jp/to/w/arcaea/Vicious Heroism/::ref/Vicious Heroism-b.jpg.webp
417,Sayonara Hatsukoi,,REDSHiFT,178.0,728,Hikari,Arcaea,5.04,,,8.0,,,,https://cdn.wikiwiki.jp/to/w/arcaea/Sayonara Hatsukoi/::ref/Sayonara Hatsukoi.jpg.webp
418,クロートーと星の観測者,,しーけー,230.0,1031,Hikari,Arcaea,5.04,,,8.7,,,,https://cdn.wikiwiki.jp/to/w/arcaea/%E3%82%AF%E3%83%AD%E3%83%BC%E3%83%88%E3%83%BC%E3%81%A8%E6%98%9F%E3%81%AE%E8%A6%B3%E6%B8%AC%E8%80%85/::ref/Clotho%20and%20the%20stargazer.jpg.webp
419,Suomi,,Aire,125.0,732,Hikari,Arcaea,5.04,,,8.7,,,,https://cdn.wikiwiki.jp/to/w/arcaea/Suomi/::ref/Suomi.jpg.webp
420,Jingle,,DJ Noriken,170.0,848,Hikari,Arcaea,5.04,7.7,,,,,,https://cdn.wikiwiki.jp/to/w/arcaea/Jingle/::ref/Jingle.jpg.webp
421,Jingle,,DJ Noriken,170.0,1047,Hikari,Arcaea,5.04,,,9.0,,,,https://cdn.wikiwiki.jp/to/w/arcaea/Jingle/::ref/Jingle.jpg.webp
422,Innocence,,Powerless feat. Sennzai,190.0,1023,Hikari,Memory Archive,5.04,8.0,,,,,,https://cdn.wikiwiki.jp/to/w/arcaea/Innocence/::ref/Innocence.jpg.webp
423,Innocence,,Powerless feat. Sennzai,190.0,1157,Hikari,Memory Archive,5.04,,,9.7,,,,https://cdn.wikiwiki.jp/to/w/arcaea/Innocence/::ref/Innocence.jpg.webp
424,IONOSTREAM,,Tatsh,254.0,818,Tairitsu,Memory Archive,5.04,8.7,,,,,,https://cdn.wikiwiki.jp/to/w/arcaea/IONOSTREAM/::ref/IONOSTREAM.jpg.webp
425,IONOSTREAM,,Tatsh,254.0,871,Tairitsu,Memory Archive,5.04,,,9.7,,,,https://cdn.wikiwiki.jp/to/w/arcaea/IONOSTREAM/::ref/IONOSTREAM.jpg.webp
426,Aleph-0,,LeaF,400.0,919,Tairitsu,World Extend,5.04,10.0,10.5,,,,,https://cdn.wikiwiki.jp/to/w/arcaea/Aleph-0/::ref/Aleph-0.jpg.webp
427,Masquerade Legion,,Srav3R & DJ Noriken,175.0,1064,Tairitsu,Memory Archive,5.04,10.0,,,,,,https://cdn.wikiwiki.jp/to/w/arcaea/Masquerade Legion/::ref/Masquerade Legion.jpg.webp
428,狂恋ROMANCE,,REDALiCE vs DJ Myosuke feat. DELUTAYA,205.0,1519,Tairitsu,Memory Archive,5.04,10.7,10.7,,,,,https://cdn.wikiwiki.jp/to/w/arcaea/%E7%8B%82%E6%81%8BROMANCE/::ref/KYOREN%20ROMANCE.jpg.webp
429,Qovat,,owl*tree,122.0,1299,Tairitsu,Memory Archive,5.04,10.0,10.6,,,,,https://cdn.wikiwiki.jp/to/w/arcaea/Qovat/::ref/Qovat.jpg.webp
430,HELLOHELL,へろーへる,暁Records,155,673,Tairitsu,World Extend 3,5.05,7,,,,,,https://cdn.wikiwiki.jp/to/w/arcaea/HELLOHELL/::ref/HELLOHELL.jpg.webp
431,HELLOHELL,へろーへる,暁Records,155,770,Tairitsu,World Extend 3,5.05,,,9,,,,https://cdn.wikiwiki.jp/to/w/arcaea/HELLOHELL/::ref/HELLOHELL.jpg.webp
432,〇、,,Kolla & 熊子,145,708,Hikari,World Extend 3,5.05,9,,,,,,https://cdn.wikiwiki.jp/to/w/arcaea/%E3%80%87%E3%80%81/::ref/%E3%80%87%E3%80%81.jpg
433,Awaken In Ruins,,Supa7onyz,125,754,Tairitsu,World Extend 3,5.05,9.7,,,,,,https://cdn.wikiwiki.jp/to/w/arcaea/Awaken%20In%20Ruins/::ref/Awaken%20In%20Ruins.jpg.webp
434,MORNINGLOOM,,saaa,102,940,Hikari,World Extend 3,5.05,8.7,,,,,,https://cdn.wikiwiki.jp/to/w/arcaea/MORNINGLOOM/::ref/MORNINGLOOM.jpg.webp
435,MORNINGLOOM,,saaa,102,1035,Hikari,World Extend 3,5.05,,,9.7,,,,https://cdn.wikiwiki.jp/to/w/arcaea/MORNINGLOOM/::ref/MORNINGLOOM.jpg.webp
436,Lethal Voltage,,siqlo,190,1497,Tairitsu,World Extend 3,5.05,10,,,,,,https://cdn.wikiwiki.jp/to/w/arcaea/Lethal%20Voltage/::ref/Lethal%20Voltage.jpg.webp
437,MIRINAE,,TAK × Zekk,180,1277,Hikari,Memory Archive,5.05,10,,,,,,https://cdn.wikiwiki.jp/to/w/arcaea/MIRINAE/::ref/MIRINAE.jpg.webp
438,ultradiaxon-N3,,nitro(lowiro),150,1228,Tairitsu,Memory Archive,5.05,10,10.5,,,,,https://cdn.wikiwiki.jp/to/w/arcaea/ultradiaxon-N3/::ref/ultradiaxon-N3.jpg.webp
439,Leave All Behind,,rider,150,828,Tairitsu,World Extend 3,5.06,9,9.2,,,,,https://cdn.wikiwiki.jp/to/w/arcaea/Leave%20All%20Behind/::ref/Leave%20All%20Behind.jpg.webp
440,Distortted Fate,,Sakuzyo,150,1172,Tairitsu,Memory Archive,5.06,9,9.6,,,,,https://cdn.wikiwiki.jp/to/w/arcaea/Distorted%20Fate/::ref/Distorted%20Fate.jpg.webp
441,Distortted Fate,,Sakuzyo,150,1402,Tairitsu,Memory Archive,5.06,,,10.7,10.9,,,https://cdn.wikiwiki.jp/to/w/arcaea/Distorted%20Fate/::ref/Distorted%20Fate.jpg.webp
442,Floating World,,baker feat. botan,174,1047,Hikari,Memory Archive,5.06,9,9.3,,,,,https://cdn.wikiwiki.jp/to/w/arcaea/Floating%20World/::ref/Floating%20World.jpg.webp
443,Chromafill,,ていぬ,179,1130,Hikari,Memory Archive,5.06,10,10,,,,,https://cdn.wikiwiki.jp/to/w/arcaea/Chromafill/::ref/Chromafill.jpg.webp
444,Desive,,MisomyL,230,1273,Hikari,Memory Archive,5.06,9.7,9.9,,,,,https://cdn.wikiwiki.jp/to/w/arcaea/D%C3%A9sive/::ref/D%C3%A9sive.jpg.webp
445,Desive,,MisomyL,230,1340,Hikari,Memory Archive,5.06,10.7,10.8,,,,,https://cdn.wikiwiki.jp/to/w/arcaea/D%C3%A9sive/::ref/D%C3%A9sive.jpg.webp
